-- MySQL dump 10.13  Distrib 5.5.57, for debian-linux-gnu (x86_64)
--
-- Host: localhost    Database: job
-- ------------------------------------------------------
-- Server version	5.5.57-0ubuntu0.14.04.1

/*!40101 SET @OLD_CHARACTER_SET_CLIENT=@@CHARACTER_SET_CLIENT */;
/*!40101 SET @OLD_CHARACTER_SET_RESULTS=@@CHARACTER_SET_RESULTS */;
/*!40101 SET @OLD_COLLATION_CONNECTION=@@COLLATION_CONNECTION */;
/*!40101 SET NAMES utf8 */;
/*!40103 SET @OLD_TIME_ZONE=@@TIME_ZONE */;
/*!40103 SET TIME_ZONE='+00:00' */;
/*!40014 SET @OLD_UNIQUE_CHECKS=@@UNIQUE_CHECKS, UNIQUE_CHECKS=0 */;
/*!40014 SET @OLD_FOREIGN_KEY_CHECKS=@@FOREIGN_KEY_CHECKS, FOREIGN_KEY_CHECKS=0 */;
/*!40101 SET @OLD_SQL_MODE=@@SQL_MODE, SQL_MODE='NO_AUTO_VALUE_ON_ZERO' */;
/*!40111 SET @OLD_SQL_NOTES=@@SQL_NOTES, SQL_NOTES=0 */;

--
-- Table structure for table `area`
--

DROP TABLE IF EXISTS `area`;
/*!40101 SET @saved_cs_client     = @@character_set_client */;
/*!40101 SET character_set_client = utf8 */;
CREATE TABLE `area` (
  `area` varchar(100) NOT NULL,
  `status` int(1) NOT NULL
) ENGINE=InnoDB DEFAULT CHARSET=utf8;
/*!40101 SET character_set_client = @saved_cs_client */;

--
-- Dumping data for table `area`
--

LOCK TABLES `area` WRITE;
/*!40000 ALTER TABLE `area` DISABLE KEYS */;
INSERT INTO `area` VALUES ('深圳',1),('北京',1),('上海',1),('广州',1),('成都',1),('武汉',1),('长沙',0);
/*!40000 ALTER TABLE `area` ENABLE KEYS */;
UNLOCK TABLES;

--
-- Table structure for table `job`
--

DROP TABLE IF EXISTS `job`;
/*!40101 SET @saved_cs_client     = @@character_set_client */;
/*!40101 SET character_set_client = utf8 */;
CREATE TABLE `job` (
  `id` int(10) NOT NULL AUTO_INCREMENT,
  `job` varchar(100) NOT NULL,
  `area` varchar(100) NOT NULL,
  `salarys` varchar(100) NOT NULL,
  `count` int(15) NOT NULL,
  `createtime` datetime NOT NULL,
  `salarysorder` int(3) NOT NULL,
  PRIMARY KEY (`id`)
) ENGINE=InnoDB AUTO_INCREMENT=19906 DEFAULT CHARSET=utf8;
/*!40101 SET character_set_client = @saved_cs_client */;

--
-- Dumping data for table `job`
--

LOCK TABLES `job` WRITE;
/*!40000 ALTER TABLE `job` DISABLE KEYS */;
INSERT INTO `job` VALUES (17766,'财务','深圳','0-4000',4710,'2017-11-07 10:30:03',0),(17767,'财务','深圳','28001-32000',1127,'2017-11-07 10:30:03',7),(17768,'财务','深圳','20001-24000',967,'2017-11-07 10:30:03',5),(17769,'财务','深圳','16000-20000',2056,'2017-11-07 10:30:03',4),(17770,'财务','深圳','8001-12000',6267,'2017-11-07 10:30:03',2),(17771,'财务','深圳','24001-28000',1000,'2017-11-07 10:30:03',6),(17772,'财务','深圳','12000-16000',4628,'2017-11-07 10:30:03',3),(17773,'财务','深圳','4001-8000',17498,'2017-11-07 10:30:03',1),(17774,'java','深圳','8001-12000',2684,'2017-11-07 10:30:03',2),(17775,'java','深圳','0-4000',537,'2017-11-07 10:30:03',0),(17776,'java','深圳','4001-8000',2580,'2017-11-07 10:30:04',1),(17777,'财务','深圳','36001-40000',447,'2017-11-07 10:30:04',9),(17778,'java','深圳','16000-20000',1877,'2017-11-07 10:30:04',4),(17779,'java','深圳','24001-28000',852,'2017-11-07 10:30:04',6),(17780,'java','深圳','12000-16000',3136,'2017-11-07 10:30:04',3),(17781,'java','深圳','32001-36000',216,'2017-11-07 10:30:04',8),(17782,'java','深圳','28001-32000',665,'2017-11-07 10:30:04',7),(17783,'java','深圳','36001-40000',180,'2017-11-07 10:30:04',9),(17784,'销售','深圳','12000-16000',28170,'2017-11-07 10:30:04',3),(17785,'销售','深圳','16000-20000',9141,'2017-11-07 10:30:05',4),(17786,'财务','深圳','32001-36000',481,'2017-11-07 10:30:05',8),(17787,'销售','深圳','8001-12000',50027,'2017-11-07 10:30:05',2),(17788,'销售','深圳','24001-28000',2874,'2017-11-07 10:30:05',6),(17789,'销售','深圳','20001-24000',2821,'2017-11-07 10:30:05',5),(17790,'java','深圳','20001-24000',850,'2017-11-07 10:30:05',5),(17791,'销售','深圳','32001-36000',1311,'2017-11-07 10:30:05',8),(17792,'司机','深圳','0-4000',436,'2017-11-07 10:30:06',0),(17793,'销售','深圳','0-4000',16278,'2017-11-07 10:30:06',0),(17794,'司机','深圳','4001-8000',1879,'2017-11-07 10:30:06',1),(17795,'销售','深圳','36001-40000',1219,'2017-11-07 10:30:06',9),(17796,'司机','深圳','8001-12000',443,'2017-11-07 10:30:06',2),(17797,'销售','深圳','28001-32000',3395,'2017-11-07 10:30:06',7),(17798,'司机','深圳','20001-24000',23,'2017-11-07 10:30:06',5),(17799,'司机','深圳','12000-16000',220,'2017-11-07 10:30:06',3),(17800,'司机','深圳','28001-32000',27,'2017-11-07 10:30:06',7),(17801,'司机','深圳','24001-28000',27,'2017-11-07 10:30:06',6),(17802,'销售','深圳','4001-8000',76518,'2017-11-07 10:30:06',1),(17803,'司机','深圳','16000-20000',67,'2017-11-07 10:30:06',4),(17804,'司机','深圳','32001-36000',9,'2017-11-07 10:30:06',8),(17805,'司机','深圳','36001-40000',7,'2017-11-07 10:30:06',9),(17806,'采购','深圳','0-4000',4896,'2017-11-07 10:30:07',0),(17807,'采购','深圳','4001-8000',20265,'2017-11-07 10:30:07',1),(17808,'采购','深圳','8001-12000',6174,'2017-11-07 10:30:07',2),(17809,'采购','深圳','16000-20000',821,'2017-11-07 10:30:07',4),(17810,'采购','深圳','12000-16000',3003,'2017-11-07 10:30:07',3),(17811,'采购','深圳','24001-28000',308,'2017-11-07 10:30:07',6),(17812,'采购','深圳','32001-36000',94,'2017-11-07 10:30:07',8),(17813,'采购','深圳','20001-24000',315,'2017-11-07 10:30:07',5),(17814,'采购','深圳','28001-32000',278,'2017-11-07 10:30:07',7),(17815,'采购','深圳','36001-40000',81,'2017-11-07 10:30:07',9),(17816,'前台','深圳','0-4000',2741,'2017-11-07 10:30:07',0),(17817,'前台','深圳','4001-8000',5599,'2017-11-07 10:30:07',1),(17818,'前台','深圳','12000-16000',294,'2017-11-07 10:30:07',3),(17819,'前台','深圳','16000-20000',114,'2017-11-07 10:30:07',4),(17820,'前台','深圳','24001-28000',39,'2017-11-07 10:30:08',6),(17821,'前台','深圳','20001-24000',42,'2017-11-07 10:30:08',5),(17822,'前台','深圳','32001-36000',8,'2017-11-07 10:30:08',8),(17823,'前台','深圳','28001-32000',36,'2017-11-07 10:30:08',7),(17824,'前台','深圳','8001-12000',483,'2017-11-07 10:30:08',2),(17825,'前台','深圳','36001-40000',6,'2017-11-07 10:30:08',9),(17826,'工程师','深圳','0-4000',5681,'2017-11-07 10:30:08',0),(17827,'工程师','深圳','12000-16000',16278,'2017-11-07 10:30:08',3),(17828,'工程师','深圳','20001-24000',2547,'2017-11-07 10:30:08',5),(17829,'工程师','深圳','16000-20000',6868,'2017-11-07 10:30:08',4),(17830,'工程师','深圳','8001-12000',20881,'2017-11-07 10:30:08',2),(17831,'工程师','深圳','24001-28000',2430,'2017-11-07 10:30:08',6),(17832,'工程师','深圳','28001-32000',1836,'2017-11-07 10:30:08',7),(17833,'工程师','深圳','4001-8000',30676,'2017-11-07 10:30:08',1),(17834,'工程师','深圳','36001-40000',435,'2017-11-07 10:30:09',9),(17835,'学徒','深圳','4001-8000',6095,'2017-11-07 10:30:09',1),(17836,'学徒','深圳','28001-32000',1,'2017-11-07 10:30:09',7),(17837,'工程师','深圳','32001-36000',527,'2017-11-07 10:30:09',8),(17838,'学徒','深圳','12000-16000',184,'2017-11-07 10:30:09',3),(17839,'学徒','深圳','0-4000',764,'2017-11-07 10:30:09',0),(17840,'学徒','深圳','32001-36000',0,'2017-11-07 10:30:10',8),(17841,'学徒','深圳','20001-24000',1,'2017-11-07 10:30:10',5),(17842,'学徒','深圳','8001-12000',680,'2017-11-07 10:30:10',2),(17843,'学徒','深圳','36001-40000',0,'2017-11-07 10:30:10',9),(17844,'学徒','深圳','16000-20000',2,'2017-11-07 10:30:10',4),(17845,'学徒','深圳','24001-28000',1,'2017-11-07 10:30:10',6),(17846,'总监','深圳','4001-8000',9841,'2017-11-07 10:30:10',1),(17847,'总监','深圳','20001-24000',2466,'2017-11-07 10:30:10',5),(17848,'总监','深圳','28001-32000',3201,'2017-11-07 10:30:10',7),(17849,'总监','深圳','8001-12000',12080,'2017-11-07 10:30:10',2),(17850,'总监','深圳','12000-16000',9212,'2017-11-07 10:30:11',3),(17851,'总监','深圳','24001-28000',2635,'2017-11-07 10:30:11',6),(17852,'总监','深圳','16000-20000',4170,'2017-11-07 10:30:11',4),(17853,'总监','深圳','36001-40000',1339,'2017-11-07 10:30:11',9),(17854,'总监','深圳','0-4000',1389,'2017-11-07 10:30:11',0),(17855,'厨师','深圳','0-4000',176,'2017-11-07 10:30:11',0),(17856,'厨师','深圳','4001-8000',660,'2017-11-07 10:30:11',1),(17857,'总监','深圳','32001-36000',1457,'2017-11-07 10:30:11',8),(17858,'厨师','深圳','12000-16000',607,'2017-11-07 10:30:11',3),(17859,'厨师','深圳','8001-12000',1212,'2017-11-07 10:30:11',2),(17860,'厨师','深圳','24001-28000',13,'2017-11-07 10:30:11',6),(17861,'厨师','深圳','28001-32000',15,'2017-11-07 10:30:11',7),(17862,'厨师','深圳','16000-20000',33,'2017-11-07 10:30:11',4),(17863,'厨师','深圳','36001-40000',2,'2017-11-07 10:30:11',9),(17864,'厨师','深圳','20001-24000',12,'2017-11-07 10:30:11',5),(17865,'厨师','深圳','32001-36000',4,'2017-11-07 10:30:11',8),(17866,'人事','深圳','0-4000',2891,'2017-11-07 10:30:12',0),(17867,'人事','深圳','12000-16000',2452,'2017-11-07 10:30:12',3),(17868,'人事','深圳','16000-20000',1346,'2017-11-07 10:30:12',4),(17869,'人事','深圳','20001-24000',235,'2017-11-07 10:30:12',5),(17870,'人事','深圳','8001-12000',3296,'2017-11-07 10:30:12',2),(17871,'人事','深圳','24001-28000',242,'2017-11-07 10:30:12',6),(17872,'人事','深圳','28001-32000',258,'2017-11-07 10:30:12',7),(17873,'人事','深圳','4001-8000',12282,'2017-11-07 10:30:12',1),(17874,'人事','深圳','32001-36000',77,'2017-11-07 10:30:12',8),(17875,'人事','深圳','36001-40000',73,'2017-11-07 10:30:12',9),(17876,'sem','深圳','0-4000',165,'2017-11-07 10:30:12',0),(17877,'sem','深圳','20001-24000',32,'2017-11-07 10:30:12',5),(17878,'sem','深圳','12000-16000',327,'2017-11-07 10:30:13',3),(17879,'sem','深圳','16000-20000',95,'2017-11-07 10:30:13',4),(17880,'sem','深圳','4001-8000',1203,'2017-11-07 10:30:13',1),(17881,'sem','深圳','24001-28000',28,'2017-11-07 10:30:13',6),(17882,'sem','深圳','28001-32000',23,'2017-11-07 10:30:13',7),(17883,'sem','深圳','36001-40000',5,'2017-11-07 10:30:13',9),(17884,'sem','深圳','8001-12000',601,'2017-11-07 10:30:13',2),(17885,'sem','深圳','32001-36000',4,'2017-11-07 10:30:13',8),(17886,'电话销售','深圳','0-4000',1232,'2017-11-07 10:30:13',0),(17887,'电话销售','深圳','12000-16000',2822,'2017-11-07 10:30:13',3),(17888,'电话销售','深圳','4001-8000',8100,'2017-11-07 10:30:14',1),(17889,'电话销售','深圳','28001-32000',101,'2017-11-07 10:30:14',7),(17890,'电话销售','深圳','20001-24000',109,'2017-11-07 10:30:14',5),(17891,'电话销售','深圳','24001-28000',106,'2017-11-07 10:30:14',6),(17892,'电话销售','深圳','8001-12000',7159,'2017-11-07 10:30:14',2),(17893,'电话销售','深圳','32001-36000',17,'2017-11-07 10:30:14',8),(17894,'电话销售','深圳','36001-40000',19,'2017-11-07 10:30:14',9),(17895,'电话销售','深圳','16000-20000',682,'2017-11-07 10:30:14',4),(17896,'电话销售3','深圳','24001-28000',8,'2017-11-07 10:30:15',6),(17897,'电话销售3','深圳','16000-20000',41,'2017-11-07 10:30:15',4),(17898,'电话销售3','深圳','12000-16000',186,'2017-11-07 10:30:15',3),(17899,'电话销售3','深圳','8001-12000',418,'2017-11-07 10:30:15',2),(17900,'电话销售3','深圳','20001-24000',9,'2017-11-07 10:30:15',5),(17901,'电话销售3','深圳','4001-8000',605,'2017-11-07 10:30:15',1),(17902,'电话销售3','深圳','0-4000',71,'2017-11-07 10:30:15',0),(17903,'java3','深圳','8001-12000',0,'2017-11-07 10:30:15',2),(17904,'java3','深圳','0-4000',0,'2017-11-07 10:30:15',0),(17905,'电话销售3','深圳','28001-32000',8,'2017-11-07 10:30:15',7),(17906,'java3','深圳','4001-8000',0,'2017-11-07 10:30:15',1),(17907,'java3','深圳','16000-20000',0,'2017-11-07 10:30:15',4),(17908,'java3','深圳','20001-24000',0,'2017-11-07 10:30:15',5),(17909,'java3','深圳','24001-28000',0,'2017-11-07 10:30:15',6),(17910,'java3','深圳','28001-32000',0,'2017-11-07 10:30:16',7),(17911,'电话销售3','深圳','32001-36000',1,'2017-11-07 10:30:16',8),(17912,'java3','深圳','32001-36000',0,'2017-11-07 10:30:16',8),(17913,'java3','深圳','36001-40000',0,'2017-11-07 10:30:16',9),(17914,'java3','深圳','12000-16000',0,'2017-11-07 10:30:16',3),(17915,'电话销售3','深圳','36001-40000',1,'2017-11-07 10:30:16',9),(17916,'销售3','深圳','0-4000',4463,'2017-11-07 10:30:16',0),(17917,'销售3','深圳','4001-8000',21153,'2017-11-07 10:30:17',1),(17918,'销售3','深圳','12000-16000',9129,'2017-11-07 10:30:17',3),(17919,'销售3','深圳','16000-20000',3517,'2017-11-07 10:30:17',4),(17920,'销售3','深圳','8001-12000',15485,'2017-11-07 10:30:17',2),(17921,'销售3','深圳','20001-24000',966,'2017-11-07 10:30:17',5),(17922,'销售3','深圳','24001-28000',991,'2017-11-07 10:30:17',6),(17923,'销售3','深圳','28001-32000',1026,'2017-11-07 10:30:17',7),(17924,'销售3','深圳','32001-36000',286,'2017-11-07 10:30:17',8),(17925,'司机3','深圳','0-4000',22,'2017-11-07 10:30:17',0),(17926,'司机3','深圳','12000-16000',10,'2017-11-07 10:30:17',3),(17927,'司机3','深圳','8001-12000',28,'2017-11-07 10:30:17',2),(17928,'司机3','深圳','4001-8000',86,'2017-11-07 10:30:17',1),(17929,'司机3','深圳','20001-24000',2,'2017-11-07 10:30:17',5),(17930,'销售3','深圳','36001-40000',258,'2017-11-07 10:30:17',9),(17931,'司机3','深圳','16000-20000',2,'2017-11-07 10:30:17',4),(17932,'司机3','深圳','24001-28000',2,'2017-11-07 10:30:18',6),(17933,'司机3','深圳','36001-40000',0,'2017-11-07 10:30:18',9),(17934,'财务发','深圳','0-4000',0,'2017-11-07 10:30:18',0),(17935,'司机3','深圳','32001-36000',0,'2017-11-07 10:30:18',8),(17936,'司机3','深圳','28001-32000',2,'2017-11-07 10:30:18',7),(17937,'财务发','深圳','8001-12000',2,'2017-11-07 10:30:18',2),(17938,'财务发','深圳','4001-8000',0,'2017-11-07 10:30:18',1),(17939,'财务发','深圳','20001-24000',0,'2017-11-07 10:30:18',5),(17940,'财务发','深圳','12000-16000',2,'2017-11-07 10:30:18',3),(17941,'财务发','深圳','16000-20000',1,'2017-11-07 10:30:18',4),(17942,'财务发','深圳','24001-28000',0,'2017-11-07 10:30:18',6),(17943,'财务发','深圳','28001-32000',0,'2017-11-07 10:30:18',7),(17944,'财务发','深圳','32001-36000',0,'2017-11-07 10:30:18',8),(17945,'财务发','深圳','36001-40000',0,'2017-11-07 10:30:18',9),(17946,'java放','深圳','0-4000',0,'2017-11-07 10:30:18',0),(17947,'java放','深圳','16000-20000',0,'2017-11-07 10:30:18',4),(17948,'java放','深圳','4001-8000',0,'2017-11-07 10:30:18',1),(17949,'java放','深圳','20001-24000',0,'2017-11-07 10:30:18',5),(17950,'java放','深圳','8001-12000',0,'2017-11-07 10:30:18',2),(17951,'java放','深圳','24001-28000',0,'2017-11-07 10:30:18',6),(17952,'java放','深圳','12000-16000',0,'2017-11-07 10:30:18',3),(17953,'java放','深圳','28001-32000',0,'2017-11-07 10:30:19',7),(17954,'java放','深圳','36001-40000',0,'2017-11-07 10:30:19',9),(17955,'销售反对','深圳','8001-12000',2,'2017-11-07 10:30:19',2),(17956,'java放','深圳','32001-36000',0,'2017-11-07 10:30:19',8),(17957,'销售反对','深圳','12000-16000',4,'2017-11-07 10:30:19',3),(17958,'销售反对','深圳','0-4000',0,'2017-11-07 10:30:19',0),(17959,'销售反对','深圳','16000-20000',2,'2017-11-07 10:30:19',4),(17960,'销售反对','深圳','32001-36000',0,'2017-11-07 10:30:19',8),(17961,'销售反对','深圳','20001-24000',0,'2017-11-07 10:30:19',5),(17962,'销售反对','深圳','36001-40000',0,'2017-11-07 10:30:19',9),(17963,'司机党','深圳','0-4000',0,'2017-11-07 10:30:19',0),(17964,'销售反对','深圳','28001-32000',0,'2017-11-07 10:30:19',7),(17965,'销售反对','深圳','4001-8000',1,'2017-11-07 10:30:19',1),(17966,'销售反对','深圳','24001-28000',0,'2017-11-07 10:30:19',6),(17967,'司机党','深圳','4001-8000',0,'2017-11-07 10:30:19',1),(17968,'司机党','深圳','8001-12000',0,'2017-11-07 10:30:19',2),(17969,'司机党','深圳','28001-32000',0,'2017-11-07 10:30:19',7),(17970,'司机党','深圳','16000-20000',0,'2017-11-07 10:30:19',4),(17971,'司机党','深圳','12000-16000',0,'2017-11-07 10:30:19',3),(17972,'司机党','深圳','24001-28000',0,'2017-11-07 10:30:19',6),(17973,'司机党','深圳','32001-36000',0,'2017-11-07 10:30:20',8),(17974,'司机党','深圳','36001-40000',0,'2017-11-07 10:30:20',9),(17975,'司机党','深圳','20001-24000',0,'2017-11-07 10:30:20',5),(17976,'财务3','深圳','4001-8000',3688,'2017-11-07 10:30:20',1),(17977,'财务3','深圳','0-4000',848,'2017-11-07 10:30:20',0),(17978,'财务3','深圳','8001-12000',1309,'2017-11-07 10:30:20',2),(17979,'财务3','深圳','16000-20000',390,'2017-11-07 10:30:20',4),(17980,'财务3','深圳','12000-16000',872,'2017-11-07 10:30:20',3),(17981,'财务3','深圳','24001-28000',194,'2017-11-07 10:30:20',6),(17982,'财务3','深圳','28001-32000',211,'2017-11-07 10:30:21',7),(17983,'财务55','深圳','0-4000',0,'2017-11-07 10:30:21',0),(17984,'财务3','深圳','20001-24000',195,'2017-11-07 10:30:21',5),(17985,'财务3','深圳','36001-40000',79,'2017-11-07 10:30:21',9),(17986,'财务55','深圳','8001-12000',1,'2017-11-07 10:30:21',2),(17987,'财务3','深圳','32001-36000',83,'2017-11-07 10:30:21',8),(17988,'财务55','深圳','4001-8000',0,'2017-11-07 10:30:21',1),(17989,'财务55','深圳','16000-20000',0,'2017-11-07 10:30:21',4),(17990,'财务55','深圳','20001-24000',0,'2017-11-07 10:30:21',5),(17991,'财务55','深圳','36001-40000',0,'2017-11-07 10:30:21',9),(17992,'财务55','深圳','32001-36000',0,'2017-11-07 10:30:21',8),(17993,'财务55','深圳','28001-32000',0,'2017-11-07 10:30:21',7),(17994,'财务55','深圳','12000-16000',1,'2017-11-07 10:30:21',3),(17995,'java55','深圳','12000-16000',0,'2017-11-07 10:30:21',3),(17996,'java55','深圳','16000-20000',0,'2017-11-07 10:30:21',4),(17997,'java55','深圳','20001-24000',0,'2017-11-07 10:30:21',5),(17998,'财务55','深圳','24001-28000',0,'2017-11-07 10:30:21',6),(17999,'java55','深圳','24001-28000',0,'2017-11-07 10:30:21',6),(18000,'java55','深圳','0-4000',0,'2017-11-07 10:30:21',0),(18001,'java55','深圳','32001-36000',0,'2017-11-07 10:30:21',8),(18002,'java55','深圳','36001-40000',0,'2017-11-07 10:30:22',9),(18003,'java55','深圳','8001-12000',0,'2017-11-07 10:30:22',2),(18004,'java55','深圳','28001-32000',0,'2017-11-07 10:30:22',7),(18005,'java55','深圳','4001-8000',0,'2017-11-07 10:30:22',1),(18006,'销售55','深圳','0-4000',0,'2017-11-07 10:30:22',0),(18007,'销售55','深圳','16000-20000',0,'2017-11-07 10:30:22',4),(18008,'销售55','深圳','24001-28000',0,'2017-11-07 10:30:22',6),(18009,'销售55','深圳','8001-12000',0,'2017-11-07 10:30:22',2),(18010,'销售55','深圳','12000-16000',0,'2017-11-07 10:30:22',3),(18011,'销售55','深圳','4001-8000',0,'2017-11-07 10:30:22',1),(18012,'销售55','深圳','32001-36000',0,'2017-11-07 10:30:22',8),(18013,'销售55','深圳','36001-40000',0,'2017-11-07 10:30:22',9),(18014,'销售55','深圳','20001-24000',0,'2017-11-07 10:30:22',5),(18015,'司机55','深圳','4001-8000',0,'2017-11-07 10:30:22',1),(18016,'司机55','深圳','0-4000',0,'2017-11-07 10:30:22',0),(18017,'司机55','深圳','8001-12000',0,'2017-11-07 10:30:22',2),(18018,'销售55','深圳','28001-32000',0,'2017-11-07 10:30:22',7),(18019,'司机55','深圳','24001-28000',0,'2017-11-07 10:30:22',6),(18020,'司机55','深圳','20001-24000',0,'2017-11-07 10:30:22',5),(18021,'司机55','深圳','32001-36000',0,'2017-11-07 10:30:22',8),(18022,'司机55','深圳','12000-16000',0,'2017-11-07 10:30:22',3),(18023,'司机55','深圳','16000-20000',0,'2017-11-07 10:30:22',4),(18024,'司机55','深圳','36001-40000',0,'2017-11-07 10:30:22',9),(18025,'司机55','深圳','28001-32000',0,'2017-11-07 10:30:23',7),(18026,'财务5','深圳','0-4000',534,'2017-11-07 10:30:23',0),(18027,'财务5','深圳','20001-24000',151,'2017-11-07 10:30:23',5),(18028,'财务5','深圳','24001-28000',158,'2017-11-07 10:30:23',6),(18029,'财务5','深圳','4001-8000',2593,'2017-11-07 10:30:23',1),(18030,'财务5','深圳','8001-12000',953,'2017-11-07 10:30:23',2),(18031,'财务5','深圳','12000-16000',633,'2017-11-07 10:30:23',3),(18032,'java5','深圳','0-4000',0,'2017-11-07 10:30:23',0),(18033,'财务5','深圳','28001-32000',186,'2017-11-07 10:30:23',7),(18034,'财务5','深圳','16000-20000',291,'2017-11-07 10:30:24',4),(18035,'java5','深圳','8001-12000',0,'2017-11-07 10:30:24',2),(18036,'java5','深圳','12000-16000',0,'2017-11-07 10:30:24',3),(18037,'财务5','深圳','36001-40000',75,'2017-11-07 10:30:24',9),(18038,'财务5','深圳','32001-36000',79,'2017-11-07 10:30:24',8),(18039,'java5','深圳','4001-8000',0,'2017-11-07 10:30:24',1),(18040,'java5','深圳','20001-24000',0,'2017-11-07 10:30:24',5),(18041,'java5','深圳','28001-32000',0,'2017-11-07 10:30:24',7),(18042,'java5','深圳','24001-28000',0,'2017-11-07 10:30:24',6),(18043,'java5','深圳','16000-20000',0,'2017-11-07 10:30:24',4),(18044,'java5','深圳','32001-36000',0,'2017-11-07 10:30:24',8),(18045,'java5','深圳','36001-40000',0,'2017-11-07 10:30:24',9),(18046,'销售5','深圳','0-4000',2104,'2017-11-07 10:30:24',0),(18047,'销售5','深圳','16000-20000',1404,'2017-11-07 10:30:25',4),(18048,'销售5','深圳','20001-24000',440,'2017-11-07 10:30:25',5),(18049,'销售5','深圳','8001-12000',8282,'2017-11-07 10:30:25',2),(18050,'销售5','深圳','12000-16000',4650,'2017-11-07 10:30:25',3),(18051,'销售5','深圳','4001-8000',10461,'2017-11-07 10:30:25',1),(18052,'销售5','深圳','28001-32000',497,'2017-11-07 10:30:25',7),(18053,'销售5','深圳','24001-28000',448,'2017-11-07 10:30:25',6),(18054,'销售5','深圳','32001-36000',186,'2017-11-07 10:30:25',8),(18055,'司机5','深圳','0-4000',28,'2017-11-07 10:30:25',0),(18056,'销售5','深圳','36001-40000',180,'2017-11-07 10:30:25',9),(18057,'司机5','深圳','8001-12000',47,'2017-11-07 10:30:25',2),(18058,'司机5','深圳','12000-16000',10,'2017-11-07 10:30:25',3),(18059,'司机5','深圳','16000-20000',2,'2017-11-07 10:30:25',4),(18060,'司机5','深圳','24001-28000',2,'2017-11-07 10:30:25',6),(18061,'司机5','深圳','4001-8000',95,'2017-11-07 10:30:26',1),(18062,'财务33','深圳','0-4000',0,'2017-11-07 10:30:26',0),(18063,'财务33','深圳','4001-8000',0,'2017-11-07 10:30:26',1),(18064,'司机5','深圳','20001-24000',2,'2017-11-07 10:30:26',5),(18065,'财务33','深圳','8001-12000',2,'2017-11-07 10:30:26',2),(18066,'司机5','深圳','32001-36000',0,'2017-11-07 10:30:26',8),(18067,'司机5','深圳','28001-32000',2,'2017-11-07 10:30:26',7),(18068,'财务33','深圳','16000-20000',0,'2017-11-07 10:30:26',4),(18069,'司机5','深圳','36001-40000',0,'2017-11-07 10:30:26',9),(18070,'财务33','深圳','20001-24000',0,'2017-11-07 10:30:26',5),(18071,'财务33','深圳','12000-16000',1,'2017-11-07 10:30:26',3),(18072,'财务33','深圳','24001-28000',0,'2017-11-07 10:30:26',6),(18073,'财务33','深圳','28001-32000',0,'2017-11-07 10:30:26',7),(18074,'财务33','深圳','32001-36000',0,'2017-11-07 10:30:26',8),(18075,'java33','深圳','8001-12000',0,'2017-11-07 10:30:26',2),(18076,'java33','深圳','0-4000',0,'2017-11-07 10:30:27',0),(18077,'财务33','深圳','36001-40000',0,'2017-11-07 10:30:27',9),(18078,'java33','深圳','12000-16000',0,'2017-11-07 10:30:27',3),(18079,'java33','深圳','4001-8000',0,'2017-11-07 10:30:27',1),(18080,'java33','深圳','20001-24000',0,'2017-11-07 10:30:27',5),(18081,'java33','深圳','16000-20000',0,'2017-11-07 10:30:27',4),(18082,'java33','深圳','28001-32000',0,'2017-11-07 10:30:27',7),(18083,'java33','深圳','24001-28000',0,'2017-11-07 10:30:27',6),(18084,'java33','深圳','36001-40000',0,'2017-11-07 10:30:27',9),(18085,'java33','深圳','32001-36000',0,'2017-11-07 10:30:27',8),(18086,'销售33','深圳','0-4000',0,'2017-11-07 10:30:27',0),(18087,'销售33','深圳','4001-8000',5,'2017-11-07 10:30:27',1),(18088,'销售33','深圳','16000-20000',0,'2017-11-07 10:30:27',4),(18089,'销售33','深圳','8001-12000',0,'2017-11-07 10:30:27',2),(18090,'销售33','深圳','24001-28000',0,'2017-11-07 10:30:27',6),(18091,'销售33','深圳','20001-24000',0,'2017-11-07 10:30:27',5),(18092,'销售33','深圳','28001-32000',0,'2017-11-07 10:30:27',7),(18093,'销售33','深圳','12000-16000',0,'2017-11-07 10:30:27',3),(18094,'销售33','深圳','32001-36000',0,'2017-11-07 10:30:27',8),(18095,'司机33','深圳','8001-12000',0,'2017-11-07 10:30:27',2),(18096,'司机33','深圳','4001-8000',0,'2017-11-07 10:30:28',1),(18097,'销售33','深圳','36001-40000',0,'2017-11-07 10:30:28',9),(18098,'司机33','深圳','16000-20000',0,'2017-11-07 10:30:28',4),(18099,'司机33','深圳','24001-28000',0,'2017-11-07 10:30:28',6),(18100,'司机33','深圳','12000-16000',0,'2017-11-07 10:30:28',3),(18101,'司机33','深圳','28001-32000',0,'2017-11-07 10:30:28',7),(18102,'司机33','深圳','20001-24000',0,'2017-11-07 10:30:28',5),(18103,'司机33','深圳','36001-40000',0,'2017-11-07 10:30:28',9),(18104,'司机33','深圳','0-4000',0,'2017-11-07 10:30:28',0),(18105,'司机33','深圳','32001-36000',0,'2017-11-07 10:30:28',8),(18106,'财务','北京','12000-16000',17742,'2017-11-07 10:30:28',3),(18107,'财务','北京','0-4000',8132,'2017-11-07 10:30:28',0),(18108,'财务','北京','16000-20000',7325,'2017-11-07 10:30:29',4),(18109,'财务','北京','4001-8000',44211,'2017-11-07 10:30:29',1),(18110,'财务','北京','20001-24000',4301,'2017-11-07 10:30:29',5),(18111,'财务','北京','8001-12000',24149,'2017-11-07 10:30:29',2),(18112,'财务','北京','24001-28000',4423,'2017-11-07 10:30:29',6),(18113,'财务','北京','28001-32000',5011,'2017-11-07 10:30:29',7),(18114,'财务','北京','32001-36000',1788,'2017-11-07 10:30:29',8),(18115,'java','北京','0-4000',983,'2017-11-07 10:30:29',0),(18116,'java','北京','4001-8000',7408,'2017-11-07 10:30:29',1),(18117,'java','北京','8001-12000',9488,'2017-11-07 10:30:29',2),(18118,'财务','北京','36001-40000',1727,'2017-11-07 10:30:29',9),(18119,'java','北京','12000-16000',10772,'2017-11-07 10:30:29',3),(18120,'java','北京','16000-20000',7040,'2017-11-07 10:30:29',4),(18121,'java','北京','28001-32000',3670,'2017-11-07 10:30:30',7),(18122,'java','北京','24001-28000',4347,'2017-11-07 10:30:30',6),(18123,'java','北京','32001-36000',1294,'2017-11-07 10:30:30',8),(18124,'java','北京','36001-40000',1072,'2017-11-07 10:30:30',9),(18125,'java','北京','20001-24000',4225,'2017-11-07 10:30:30',5),(18126,'销售','北京','0-4000',19143,'2017-11-07 10:30:30',0),(18127,'销售','北京','4001-8000',100000,'2017-11-07 10:30:30',1),(18128,'销售','北京','28001-32000',9031,'2017-11-07 10:30:30',7),(18129,'销售','北京','16000-20000',19721,'2017-11-07 10:30:31',4),(18130,'销售','北京','20001-24000',8016,'2017-11-07 10:30:31',5),(18131,'销售','北京','8001-12000',97629,'2017-11-07 10:30:31',2),(18132,'销售','北京','12000-16000',58344,'2017-11-07 10:30:31',3),(18133,'销售','北京','32001-36000',2721,'2017-11-07 10:30:31',8),(18134,'司机','北京','0-4000',787,'2017-11-07 10:30:31',0),(18135,'司机','北京','4001-8000',6508,'2017-11-07 10:30:31',1),(18136,'销售','北京','24001-28000',8187,'2017-11-07 10:30:31',6),(18137,'司机','北京','8001-12000',893,'2017-11-07 10:30:31',2),(18138,'司机','北京','20001-24000',72,'2017-11-07 10:30:31',5),(18139,'销售','北京','36001-40000',2541,'2017-11-07 10:30:31',9),(18140,'司机','北京','12000-16000',503,'2017-11-07 10:30:31',3),(18141,'司机','北京','24001-28000',83,'2017-11-07 10:30:32',6),(18142,'司机','北京','28001-32000',108,'2017-11-07 10:30:32',7),(18143,'司机','北京','16000-20000',199,'2017-11-07 10:30:32',4),(18144,'司机','北京','36001-40000',48,'2017-11-07 10:30:32',9),(18145,'司机','北京','32001-36000',57,'2017-11-07 10:30:32',8),(18146,'采购','北京','12000-16000',5139,'2017-11-07 10:30:32',3),(18147,'采购','北京','16000-20000',1795,'2017-11-07 10:30:32',4),(18148,'采购','北京','8001-12000',7952,'2017-11-07 10:30:32',2),(18149,'采购','北京','20001-24000',820,'2017-11-07 10:30:32',5),(18150,'采购','北京','4001-8000',21961,'2017-11-07 10:30:32',1),(18151,'采购','北京','28001-32000',880,'2017-11-07 10:30:32',7),(18152,'采购','北京','0-4000',3781,'2017-11-07 10:30:32',0),(18153,'采购','北京','24001-28000',813,'2017-11-07 10:30:32',6),(18154,'采购','北京','32001-36000',305,'2017-11-07 10:30:33',8),(18155,'前台','北京','0-4000',4229,'2017-11-07 10:30:33',0),(18156,'采购','北京','36001-40000',295,'2017-11-07 10:30:33',9),(18157,'前台','北京','16000-20000',301,'2017-11-07 10:30:33',4),(18158,'前台','北京','8001-12000',1197,'2017-11-07 10:30:33',2),(18159,'前台','北京','12000-16000',735,'2017-11-07 10:30:33',3),(18160,'前台','北京','4001-8000',12259,'2017-11-07 10:30:33',1),(18161,'前台','北京','20001-24000',137,'2017-11-07 10:30:34',5),(18162,'前台','北京','24001-28000',134,'2017-11-07 10:30:34',6),(18163,'前台','北京','36001-40000',25,'2017-11-07 10:30:34',9),(18164,'前台','北京','32001-36000',27,'2017-11-07 10:30:34',8),(18165,'前台','北京','28001-32000',99,'2017-11-07 10:30:34',7),(18166,'工程师','北京','4001-8000',39773,'2017-11-07 10:30:34',1),(18167,'工程师','北京','12000-16000',42182,'2017-11-07 10:30:34',3),(18168,'工程师','北京','8001-12000',44349,'2017-11-07 10:30:34',2),(18169,'工程师','北京','0-4000',6125,'2017-11-07 10:30:34',0),(18170,'学徒','北京','0-4000',511,'2017-11-07 10:30:34',0),(18171,'工程师','北京','32001-36000',2591,'2017-11-07 10:30:35',8),(18172,'工程师','北京','16000-20000',21197,'2017-11-07 10:30:35',4),(18173,'工程师','北京','36001-40000',2194,'2017-11-07 10:30:35',9),(18174,'工程师','北京','20001-24000',11636,'2017-11-07 10:30:35',5),(18175,'学徒','北京','4001-8000',6922,'2017-11-07 10:30:35',1),(18176,'工程师','北京','24001-28000',11544,'2017-11-07 10:30:35',6),(18177,'学徒','北京','24001-28000',4,'2017-11-07 10:30:35',6),(18178,'学徒','北京','16000-20000',13,'2017-11-07 10:30:35',4),(18179,'学徒','北京','20001-24000',4,'2017-11-07 10:30:35',5),(18180,'学徒','北京','8001-12000',1696,'2017-11-07 10:30:35',2),(18181,'学徒','北京','28001-32000',8,'2017-11-07 10:30:35',7),(18182,'学徒','北京','12000-16000',330,'2017-11-07 10:30:35',3),(18183,'工程师','北京','28001-32000',10068,'2017-11-07 10:30:35',7),(18184,'学徒','北京','32001-36000',5,'2017-11-07 10:30:35',8),(18185,'学徒','北京','36001-40000',5,'2017-11-07 10:30:35',9),(18186,'总监','北京','0-4000',2277,'2017-11-07 10:30:35',0),(18187,'总监','北京','8001-12000',33765,'2017-11-07 10:30:36',2),(18188,'总监','北京','4001-8000',20772,'2017-11-07 10:30:36',1),(18189,'总监','北京','16000-20000',15623,'2017-11-07 10:30:36',4),(18190,'总监','北京','12000-16000',30517,'2017-11-07 10:30:36',3),(18191,'总监','北京','28001-32000',14629,'2017-11-07 10:30:36',7),(18192,'总监','北京','32001-36000',5460,'2017-11-07 10:30:36',8),(18193,'总监','北京','36001-40000',5190,'2017-11-07 10:30:36',9),(18194,'厨师','北京','0-4000',492,'2017-11-07 10:30:36',0),(18195,'厨师','北京','12000-16000',778,'2017-11-07 10:30:36',3),(18196,'厨师','北京','8001-12000',1479,'2017-11-07 10:30:36',2),(18197,'总监','北京','24001-28000',11641,'2017-11-07 10:30:36',6),(18198,'厨师','北京','28001-32000',106,'2017-11-07 10:30:37',7),(18199,'厨师','北京','36001-40000',44,'2017-11-07 10:30:37',9),(18200,'厨师','北京','24001-28000',68,'2017-11-07 10:30:37',6),(18201,'厨师','北京','16000-20000',74,'2017-11-07 10:30:37',4),(18202,'厨师','北京','20001-24000',61,'2017-11-07 10:30:37',5),(18203,'厨师','北京','4001-8000',1183,'2017-11-07 10:30:37',1),(18204,'厨师','北京','32001-36000',52,'2017-11-07 10:30:37',8),(18205,'总监','北京','20001-24000',11123,'2017-11-07 10:30:38',5),(18206,'人事','北京','4001-8000',30794,'2017-11-07 10:30:38',1),(18207,'人事','北京','16000-20000',1996,'2017-11-07 10:30:38',4),(18208,'人事','北京','20001-24000',703,'2017-11-07 10:30:38',5),(18209,'人事','北京','0-4000',4221,'2017-11-07 10:30:38',0),(18210,'人事','北京','28001-32000',776,'2017-11-07 10:30:38',7),(18211,'人事','北京','32001-36000',262,'2017-11-07 10:30:38',8),(18212,'人事','北京','36001-40000',244,'2017-11-07 10:30:38',9),(18213,'人事','北京','8001-12000',14210,'2017-11-07 10:30:38',2),(18214,'人事','北京','24001-28000',718,'2017-11-07 10:30:38',6),(18215,'人事','北京','12000-16000',7259,'2017-11-07 10:30:38',3),(18216,'sem','北京','0-4000',219,'2017-11-07 10:30:39',0),(18217,'sem','北京','8001-12000',1253,'2017-11-07 10:30:39',2),(18218,'sem','北京','4001-8000',1865,'2017-11-07 10:30:39',1),(18219,'sem','北京','16000-20000',248,'2017-11-07 10:30:39',4),(18220,'sem','北京','12000-16000',739,'2017-11-07 10:30:39',3),(18221,'sem','北京','24001-28000',92,'2017-11-07 10:30:39',6),(18222,'sem','北京','32001-36000',10,'2017-11-07 10:30:39',8),(18223,'sem','北京','20001-24000',93,'2017-11-07 10:30:39',5),(18224,'sem','北京','28001-32000',72,'2017-11-07 10:30:39',7),(18225,'sem','北京','36001-40000',10,'2017-11-07 10:30:39',9),(18226,'电话销售','北京','16000-20000',938,'2017-11-07 10:30:40',4),(18227,'电话销售','北京','0-4000',1938,'2017-11-07 10:30:40',0),(18228,'电话销售','北京','24001-28000',193,'2017-11-07 10:30:40',6),(18229,'电话销售','北京','12000-16000',4998,'2017-11-07 10:30:40',3),(18230,'电话销售','北京','20001-24000',191,'2017-11-07 10:30:40',5),(18231,'电话销售','北京','4001-8000',13517,'2017-11-07 10:30:40',1),(18232,'电话销售','北京','8001-12000',11457,'2017-11-07 10:30:40',2),(18233,'电话销售','北京','28001-32000',217,'2017-11-07 10:30:40',7),(18234,'电话销售','北京','36001-40000',40,'2017-11-07 10:30:40',9),(18235,'电话销售','北京','32001-36000',43,'2017-11-07 10:30:40',8),(18236,'电话销售3','北京','0-4000',157,'2017-11-07 10:30:41',0),(18237,'电话销售3','北京','16000-20000',71,'2017-11-07 10:30:41',4),(18238,'电话销售3','北京','20001-24000',25,'2017-11-07 10:30:41',5),(18239,'电话销售3','北京','12000-16000',345,'2017-11-07 10:30:41',3),(18240,'电话销售3','北京','4001-8000',906,'2017-11-07 10:30:41',1),(18241,'电话销售3','北京','8001-12000',783,'2017-11-07 10:30:41',2),(18242,'java3','北京','0-4000',0,'2017-11-07 10:30:41',0),(18243,'电话销售3','北京','24001-28000',25,'2017-11-07 10:30:41',6),(18244,'java3','北京','12000-16000',2,'2017-11-07 10:30:41',3),(18245,'电话销售3','北京','28001-32000',30,'2017-11-07 10:30:41',7),(18246,'java3','北京','8001-12000',0,'2017-11-07 10:30:41',2),(18247,'java3','北京','4001-8000',1,'2017-11-07 10:30:41',1),(18248,'java3','北京','16000-20000',2,'2017-11-07 10:30:41',4),(18249,'电话销售3','北京','32001-36000',5,'2017-11-07 10:30:41',8),(18250,'java3','北京','20001-24000',2,'2017-11-07 10:30:42',5),(18251,'java3','北京','24001-28000',2,'2017-11-07 10:30:42',6),(18252,'java3','北京','36001-40000',0,'2017-11-07 10:30:42',9),(18253,'java3','北京','28001-32000',1,'2017-11-07 10:30:42',7),(18254,'电话销售3','北京','36001-40000',5,'2017-11-07 10:30:42',9),(18255,'java3','北京','32001-36000',0,'2017-11-07 10:30:42',8),(18256,'销售3','北京','8001-12000',30866,'2017-11-07 10:30:43',2),(18257,'销售3','北京','24001-28000',2303,'2017-11-07 10:30:43',6),(18258,'销售3','北京','0-4000',5573,'2017-11-07 10:30:43',0),(18259,'销售3','北京','20001-24000',2257,'2017-11-07 10:30:43',5),(18260,'销售3','北京','28001-32000',2469,'2017-11-07 10:30:43',7),(18261,'销售3','北京','12000-16000',18169,'2017-11-07 10:30:43',3),(18262,'销售3','北京','16000-20000',5823,'2017-11-07 10:30:43',4),(18263,'司机3','北京','0-4000',59,'2017-11-07 10:30:43',0),(18264,'司机3','北京','4001-8000',490,'2017-11-07 10:30:43',1),(18265,'销售3','北京','4001-8000',38475,'2017-11-07 10:30:43',1),(18266,'销售3','北京','32001-36000',709,'2017-11-07 10:30:43',8),(18267,'司机3','北京','12000-16000',26,'2017-11-07 10:30:44',3),(18268,'司机3','北京','8001-12000',42,'2017-11-07 10:30:44',2),(18269,'司机3','北京','28001-32000',10,'2017-11-07 10:30:44',7),(18270,'司机3','北京','32001-36000',2,'2017-11-07 10:30:44',8),(18271,'司机3','北京','16000-20000',8,'2017-11-07 10:30:44',4),(18272,'销售3','北京','36001-40000',663,'2017-11-07 10:30:44',9),(18273,'司机3','北京','24001-28000',8,'2017-11-07 10:30:44',6),(18274,'司机3','北京','20001-24000',8,'2017-11-07 10:30:44',5),(18275,'财务发','北京','8001-12000',6,'2017-11-07 10:30:44',2),(18276,'财务发','北京','12000-16000',1,'2017-11-07 10:30:44',3),(18277,'财务发','北京','4001-8000',3,'2017-11-07 10:30:44',1),(18278,'财务发','北京','16000-20000',0,'2017-11-07 10:30:44',4),(18279,'财务发','北京','0-4000',2,'2017-11-07 10:30:44',0),(18280,'财务发','北京','24001-28000',0,'2017-11-07 10:30:44',6),(18281,'财务发','北京','20001-24000',0,'2017-11-07 10:30:44',5),(18282,'财务发','北京','32001-36000',0,'2017-11-07 10:30:44',8),(18283,'财务发','北京','28001-32000',0,'2017-11-07 10:30:45',7),(18284,'司机3','北京','36001-40000',2,'2017-11-07 10:30:45',9),(18285,'java放','北京','8001-12000',0,'2017-11-07 10:30:45',2),(18286,'java放','北京','4001-8000',0,'2017-11-07 10:30:45',1),(18287,'java放','北京','24001-28000',0,'2017-11-07 10:30:45',6),(18288,'java放','北京','20001-24000',0,'2017-11-07 10:30:45',5),(18289,'java放','北京','0-4000',0,'2017-11-07 10:30:45',0),(18290,'java放','北京','12000-16000',0,'2017-11-07 10:30:45',3),(18291,'财务发','北京','36001-40000',0,'2017-11-07 10:30:45',9),(18292,'java放','北京','16000-20000',0,'2017-11-07 10:30:45',4),(18293,'java放','北京','28001-32000',0,'2017-11-07 10:30:46',7),(18294,'销售反对','北京','8001-12000',9,'2017-11-07 10:30:46',2),(18295,'销售反对','北京','4001-8000',3,'2017-11-07 10:30:46',1),(18296,'java放','北京','32001-36000',0,'2017-11-07 10:30:46',8),(18297,'销售反对','北京','0-4000',0,'2017-11-07 10:30:46',0),(18298,'销售反对','北京','16000-20000',12,'2017-11-07 10:30:46',4),(18299,'销售反对','北京','12000-16000',18,'2017-11-07 10:30:46',3),(18300,'销售反对','北京','20001-24000',0,'2017-11-07 10:30:46',5),(18301,'销售反对','北京','32001-36000',0,'2017-11-07 10:30:46',8),(18302,'销售反对','北京','24001-28000',0,'2017-11-07 10:30:46',6),(18303,'销售反对','北京','28001-32000',0,'2017-11-07 10:30:46',7),(18304,'司机党','北京','0-4000',0,'2017-11-07 10:30:46',0),(18305,'司机党','北京','4001-8000',1,'2017-11-07 10:30:46',1),(18306,'司机党','北京','8001-12000',0,'2017-11-07 10:30:46',2),(18307,'司机党','北京','16000-20000',0,'2017-11-07 10:30:46',4),(18308,'司机党','北京','12000-16000',0,'2017-11-07 10:30:46',3),(18309,'司机党','北京','24001-28000',0,'2017-11-07 10:30:46',6),(18310,'销售反对','北京','36001-40000',0,'2017-11-07 10:30:46',9),(18311,'司机党','北京','28001-32000',0,'2017-11-07 10:30:47',7),(18312,'司机党','北京','32001-36000',0,'2017-11-07 10:30:47',8),(18313,'司机党','北京','36001-40000',0,'2017-11-07 10:30:47',9),(18314,'财务3','北京','0-4000',1537,'2017-11-07 10:30:47',0),(18315,'财务3','北京','8001-12000',4059,'2017-11-07 10:30:47',2),(18316,'财务3','北京','16000-20000',1421,'2017-11-07 10:30:47',4),(18317,'财务3','北京','4001-8000',8949,'2017-11-07 10:30:47',1),(18318,'财务3','北京','12000-16000',3252,'2017-11-07 10:30:47',3),(18319,'财务3','北京','20001-24000',849,'2017-11-07 10:30:47',5),(18320,'财务55','北京','0-4000',0,'2017-11-07 10:30:48',0),(18321,'财务3','北京','28001-32000',898,'2017-11-07 10:30:48',7),(18322,'财务55','北京','4001-8000',1,'2017-11-07 10:30:48',1),(18323,'财务3','北京','24001-28000',871,'2017-11-07 10:30:48',6),(18324,'财务55','北京','8001-12000',1,'2017-11-07 10:30:48',2),(18325,'财务55','北京','20001-24000',0,'2017-11-07 10:30:48',5),(18326,'财务3','北京','32001-36000',332,'2017-11-07 10:30:48',8),(18327,'财务55','北京','24001-28000',0,'2017-11-07 10:30:48',6),(18328,'财务3','北京','36001-40000',319,'2017-11-07 10:30:49',9),(18329,'财务55','北京','28001-32000',0,'2017-11-07 10:30:49',7),(18330,'财务55','北京','36001-40000',0,'2017-11-07 10:30:49',9),(18331,'财务55','北京','16000-20000',0,'2017-11-07 10:30:49',4),(18332,'财务55','北京','12000-16000',1,'2017-11-07 10:30:49',3),(18333,'java55','北京','0-4000',0,'2017-11-07 10:30:49',0),(18334,'财务55','北京','32001-36000',0,'2017-11-07 10:30:49',8),(18335,'java55','北京','8001-12000',0,'2017-11-07 10:30:49',2),(18336,'java55','北京','4001-8000',0,'2017-11-07 10:30:49',1),(18337,'java放','北京','36001-40000',0,'2017-11-07 10:30:49',9),(18338,'java55','北京','24001-28000',0,'2017-11-07 10:30:49',6),(18339,'java55','北京','28001-32000',0,'2017-11-07 10:30:49',7),(18340,'java55','北京','16000-20000',0,'2017-11-07 10:30:49',4),(18341,'java55','北京','36001-40000',0,'2017-11-07 10:30:50',9),(18342,'java55','北京','32001-36000',0,'2017-11-07 10:30:50',8),(18343,'销售55','北京','4001-8000',1,'2017-11-07 10:30:50',1),(18344,'销售55','北京','8001-12000',13,'2017-11-07 10:30:50',2),(18345,'java55','北京','20001-24000',0,'2017-11-07 10:30:50',5),(18346,'司机党','北京','20001-24000',0,'2017-11-07 10:30:50',5),(18347,'java55','北京','12000-16000',0,'2017-11-07 10:30:50',3),(18348,'销售55','北京','20001-24000',2,'2017-11-07 10:30:50',5),(18349,'销售55','北京','12000-16000',12,'2017-11-07 10:30:50',3),(18350,'销售55','北京','16000-20000',4,'2017-11-07 10:30:50',4),(18351,'销售55','北京','28001-32000',2,'2017-11-07 10:30:50',7),(18352,'销售55','北京','32001-36000',0,'2017-11-07 10:30:50',8),(18353,'销售55','北京','0-4000',0,'2017-11-07 10:30:50',0),(18354,'销售55','北京','36001-40000',0,'2017-11-07 10:30:50',9),(18355,'销售55','北京','24001-28000',2,'2017-11-07 10:30:50',6),(18356,'司机55','北京','4001-8000',2,'2017-11-07 10:30:51',1),(18357,'司机55','北京','0-4000',0,'2017-11-07 10:30:51',0),(18358,'司机55','北京','12000-16000',0,'2017-11-07 10:30:51',3),(18359,'司机55','北京','8001-12000',0,'2017-11-07 10:30:51',2),(18360,'司机55','北京','16000-20000',0,'2017-11-07 10:30:51',4),(18361,'司机55','北京','20001-24000',0,'2017-11-07 10:30:51',5),(18362,'司机55','北京','32001-36000',0,'2017-11-07 10:30:51',8),(18363,'司机55','北京','36001-40000',0,'2017-11-07 10:30:51',9),(18364,'司机55','北京','28001-32000',0,'2017-11-07 10:30:51',7),(18365,'司机55','北京','24001-28000',0,'2017-11-07 10:30:51',6),(18366,'财务5','北京','0-4000',940,'2017-11-07 10:30:51',0),(18367,'财务5','北京','16000-20000',1066,'2017-11-07 10:30:52',4),(18368,'财务5','北京','4001-8000',6731,'2017-11-07 10:30:52',1),(18369,'财务5','北京','12000-16000',2419,'2017-11-07 10:30:52',3),(18370,'财务5','北京','20001-24000',584,'2017-11-07 10:30:52',5),(18371,'财务5','北京','24001-28000',610,'2017-11-07 10:30:52',6),(18372,'财务5','北京','8001-12000',3104,'2017-11-07 10:30:52',2),(18373,'财务5','北京','28001-32000',626,'2017-11-07 10:30:52',7),(18374,'java5','北京','0-4000',0,'2017-11-07 10:30:52',0),(18375,'java5','北京','8001-12000',1,'2017-11-07 10:30:52',2),(18376,'java5','北京','16000-20000',1,'2017-11-07 10:30:52',4),(18377,'java5','北京','12000-16000',1,'2017-11-07 10:30:52',3),(18378,'java5','北京','4001-8000',0,'2017-11-07 10:30:52',1),(18379,'java5','北京','20001-24000',0,'2017-11-07 10:30:52',5),(18380,'财务5','北京','32001-36000',236,'2017-11-07 10:30:52',8),(18381,'java5','北京','32001-36000',0,'2017-11-07 10:30:52',8),(18382,'java5','北京','24001-28000',0,'2017-11-07 10:30:52',6),(18383,'java5','北京','28001-32000',0,'2017-11-07 10:30:52',7),(18384,'java5','北京','36001-40000',0,'2017-11-07 10:30:52',9),(18385,'财务5','北京','36001-40000',220,'2017-11-07 10:30:52',9),(18386,'销售5','北京','0-4000',2327,'2017-11-07 10:30:53',0),(18387,'销售5','北京','4001-8000',16311,'2017-11-07 10:30:53',1),(18388,'销售5','北京','8001-12000',14445,'2017-11-07 10:30:53',2),(18389,'销售5','北京','12000-16000',10036,'2017-11-07 10:30:53',3),(18390,'销售5','北京','16000-20000',3718,'2017-11-07 10:30:54',4),(18391,'销售5','北京','20001-24000',1748,'2017-11-07 10:30:54',5),(18392,'销售5','北京','28001-32000',1913,'2017-11-07 10:30:54',7),(18393,'销售5','北京','24001-28000',1769,'2017-11-07 10:30:54',6),(18394,'司机5','北京','0-4000',33,'2017-11-07 10:30:54',0),(18395,'司机5','北京','8001-12000',51,'2017-11-07 10:30:54',2),(18396,'司机5','北京','4001-8000',124,'2017-11-07 10:30:54',1),(18397,'司机5','北京','12000-16000',44,'2017-11-07 10:30:54',3),(18398,'司机5','北京','16000-20000',31,'2017-11-07 10:30:54',4),(18399,'司机5','北京','20001-24000',3,'2017-11-07 10:30:54',5),(18400,'司机5','北京','24001-28000',3,'2017-11-07 10:30:54',6),(18401,'销售5','北京','32001-36000',439,'2017-11-07 10:30:54',8),(18402,'司机5','北京','36001-40000',1,'2017-11-07 10:30:54',9),(18403,'司机5','北京','32001-36000',1,'2017-11-07 10:30:54',8),(18404,'司机5','北京','28001-32000',4,'2017-11-07 10:30:54',7),(18405,'财务33','北京','8001-12000',0,'2017-11-07 10:30:55',2),(18406,'财务33','北京','0-4000',1,'2017-11-07 10:30:55',0),(18407,'财务33','北京','12000-16000',0,'2017-11-07 10:30:55',3),(18408,'财务33','北京','24001-28000',0,'2017-11-07 10:30:55',6),(18409,'财务33','北京','16000-20000',0,'2017-11-07 10:30:55',4),(18410,'财务33','北京','32001-36000',0,'2017-11-07 10:30:55',8),(18411,'财务33','北京','20001-24000',0,'2017-11-07 10:30:55',5),(18412,'财务33','北京','36001-40000',0,'2017-11-07 10:30:55',9),(18413,'财务33','北京','28001-32000',0,'2017-11-07 10:30:55',7),(18414,'java33','北京','0-4000',0,'2017-11-07 10:30:55',0),(18415,'java33','北京','4001-8000',0,'2017-11-07 10:30:55',1),(18416,'财务33','北京','4001-8000',1,'2017-11-07 10:30:55',1),(18417,'java33','北京','8001-12000',0,'2017-11-07 10:30:55',2),(18418,'java33','北京','12000-16000',0,'2017-11-07 10:30:55',3),(18419,'销售5','北京','36001-40000',420,'2017-11-07 10:30:55',9),(18420,'java33','北京','16000-20000',0,'2017-11-07 10:30:55',4),(18421,'java33','北京','24001-28000',0,'2017-11-07 10:30:55',6),(18422,'java33','北京','32001-36000',0,'2017-11-07 10:30:55',8),(18423,'java33','北京','20001-24000',0,'2017-11-07 10:30:55',5),(18424,'java33','北京','28001-32000',0,'2017-11-07 10:30:55',7),(18425,'java33','北京','36001-40000',0,'2017-11-07 10:30:55',9),(18426,'销售33','北京','0-4000',0,'2017-11-07 10:30:56',0),(18427,'销售33','北京','16000-20000',0,'2017-11-07 10:30:56',4),(18428,'销售33','北京','20001-24000',0,'2017-11-07 10:30:56',5),(18429,'销售33','北京','4001-8000',2,'2017-11-07 10:30:56',1),(18430,'销售33','北京','12000-16000',2,'2017-11-07 10:30:56',3),(18431,'销售33','北京','28001-32000',0,'2017-11-07 10:30:56',7),(18432,'销售33','北京','24001-28000',0,'2017-11-07 10:30:56',6),(18433,'销售33','北京','36001-40000',0,'2017-11-07 10:30:56',9),(18434,'销售33','北京','8001-12000',5,'2017-11-07 10:30:56',2),(18435,'司机33','北京','0-4000',0,'2017-11-07 10:30:56',0),(18436,'销售33','北京','32001-36000',0,'2017-11-07 10:30:56',8),(18437,'司机33','北京','4001-8000',0,'2017-11-07 10:30:56',1),(18438,'司机33','北京','12000-16000',0,'2017-11-07 10:30:56',3),(18439,'司机33','北京','16000-20000',0,'2017-11-07 10:30:56',4),(18440,'司机33','北京','8001-12000',0,'2017-11-07 10:30:56',2),(18441,'司机33','北京','24001-28000',0,'2017-11-07 10:30:56',6),(18442,'司机33','北京','20001-24000',0,'2017-11-07 10:30:56',5),(18443,'司机33','北京','28001-32000',0,'2017-11-07 10:30:56',7),(18444,'司机33','北京','36001-40000',0,'2017-11-07 10:30:57',9),(18445,'司机33','北京','32001-36000',0,'2017-11-07 10:30:57',8),(18446,'财务','上海','12000-16000',8840,'2017-11-07 10:30:57',3),(18447,'财务','上海','8001-12000',13969,'2017-11-07 10:30:57',2),(18448,'财务','上海','16000-20000',3502,'2017-11-07 10:30:57',4),(18449,'财务','上海','24001-28000',1611,'2017-11-07 10:30:57',6),(18450,'财务','上海','4001-8000',27339,'2017-11-07 10:30:57',1),(18451,'财务','上海','28001-32000',1819,'2017-11-07 10:30:57',7),(18452,'财务','上海','0-4000',4780,'2017-11-07 10:30:57',0),(18453,'财务','上海','20001-24000',1539,'2017-11-07 10:30:57',5),(18454,'财务','上海','36001-40000',643,'2017-11-07 10:30:57',9),(18455,'java','上海','0-4000',459,'2017-11-07 10:30:58',0),(18456,'java','上海','8001-12000',3722,'2017-11-07 10:30:58',2),(18457,'财务','上海','32001-36000',786,'2017-11-07 10:30:58',8),(18458,'java','上海','20001-24000',1618,'2017-11-07 10:30:58',5),(18459,'java','上海','16000-20000',3006,'2017-11-07 10:30:58',4),(18460,'java','上海','4001-8000',5592,'2017-11-07 10:30:58',1),(18461,'java','上海','12000-16000',4775,'2017-11-07 10:30:58',3),(18462,'java','上海','28001-32000',1409,'2017-11-07 10:30:58',7),(18463,'java','上海','24001-28000',1632,'2017-11-07 10:30:58',6),(18464,'java','上海','36001-40000',429,'2017-11-07 10:30:58',9),(18465,'java','上海','32001-36000',533,'2017-11-07 10:30:58',8),(18466,'销售','上海','20001-24000',4783,'2017-11-07 10:30:59',5),(18467,'销售','上海','0-4000',14089,'2017-11-07 10:30:59',0),(18468,'销售','上海','12000-16000',45875,'2017-11-07 10:30:59',3),(18469,'销售','上海','24001-28000',4873,'2017-11-07 10:30:59',6),(18470,'销售','上海','8001-12000',80799,'2017-11-07 10:30:59',2),(18471,'销售','上海','16000-20000',13739,'2017-11-07 10:30:59',4),(18472,'销售','上海','28001-32000',5276,'2017-11-07 10:30:59',7),(18473,'销售','上海','32001-36000',1777,'2017-11-07 10:30:59',8),(18474,'司机','上海','0-4000',453,'2017-11-07 10:30:59',0),(18475,'司机','上海','12000-16000',398,'2017-11-07 10:30:59',3),(18476,'司机','上海','8001-12000',839,'2017-11-07 10:30:59',2),(18477,'司机','上海','4001-8000',3027,'2017-11-07 10:30:59',1),(18478,'司机','上海','20001-24000',40,'2017-11-07 10:31:00',5),(18479,'销售','上海','36001-40000',1494,'2017-11-07 10:31:00',9),(18480,'销售','上海','4001-8000',92282,'2017-11-07 10:31:00',1),(18481,'司机','上海','16000-20000',77,'2017-11-07 10:31:00',4),(18482,'司机','上海','36001-40000',13,'2017-11-07 10:31:00',9),(18483,'司机','上海','32001-36000',18,'2017-11-07 10:31:00',8),(18484,'司机','上海','28001-32000',47,'2017-11-07 10:31:00',7),(18485,'采购','上海','0-4000',3647,'2017-11-07 10:31:00',0),(18486,'司机','上海','24001-28000',45,'2017-11-07 10:31:00',6),(18487,'采购','上海','8001-12000',8515,'2017-11-07 10:31:00',2),(18488,'采购','上海','16000-20000',937,'2017-11-07 10:31:00',4),(18489,'采购','上海','12000-16000',5061,'2017-11-07 10:31:00',3),(18490,'采购','上海','20001-24000',416,'2017-11-07 10:31:01',5),(18491,'采购','上海','4001-8000',20030,'2017-11-07 10:31:01',1),(18492,'前台','上海','0-4000',3357,'2017-11-07 10:31:01',0),(18493,'采购','上海','28001-32000',435,'2017-11-07 10:31:01',7),(18494,'采购','上海','32001-36000',160,'2017-11-07 10:31:01',8),(18495,'采购','上海','24001-28000',415,'2017-11-07 10:31:01',6),(18496,'前台','上海','8001-12000',2131,'2017-11-07 10:31:01',2),(18497,'采购','上海','36001-40000',151,'2017-11-07 10:31:01',9),(18498,'前台','上海','12000-16000',442,'2017-11-07 10:31:01',3),(18499,'前台','上海','24001-28000',61,'2017-11-07 10:31:01',6),(18500,'前台','上海','28001-32000',47,'2017-11-07 10:31:01',7),(18501,'前台','上海','20001-24000',66,'2017-11-07 10:31:02',5),(18502,'前台','上海','4001-8000',8848,'2017-11-07 10:31:02',1),(18503,'前台','上海','36001-40000',12,'2017-11-07 10:31:02',9),(18504,'前台','上海','32001-36000',10,'2017-11-07 10:31:02',8),(18505,'前台','上海','16000-20000',150,'2017-11-07 10:31:02',4),(18506,'工程师','上海','20001-24000',3886,'2017-11-07 10:31:02',5),(18507,'工程师','上海','0-4000',4533,'2017-11-07 10:31:02',0),(18508,'工程师','上海','16000-20000',9015,'2017-11-07 10:31:02',4),(18509,'工程师','上海','8001-12000',23727,'2017-11-07 10:31:02',2),(18510,'工程师','上海','24001-28000',3801,'2017-11-07 10:31:03',6),(18511,'工程师','上海','4001-8000',34262,'2017-11-07 10:31:03',1),(18512,'工程师','上海','12000-16000',19853,'2017-11-07 10:31:03',3),(18513,'学徒','上海','0-4000',476,'2017-11-07 10:31:03',0),(18514,'工程师','上海','36001-40000',716,'2017-11-07 10:31:03',9),(18515,'学徒','上海','16000-20000',11,'2017-11-07 10:31:03',4),(18516,'学徒','上海','4001-8000',6102,'2017-11-07 10:31:03',1),(18517,'学徒','上海','8001-12000',2906,'2017-11-07 10:31:03',2),(18518,'工程师','上海','32001-36000',861,'2017-11-07 10:31:03',8),(18519,'工程师','上海','28001-32000',2977,'2017-11-07 10:31:03',7),(18520,'学徒','上海','12000-16000',701,'2017-11-07 10:31:03',3),(18521,'学徒','上海','24001-28000',2,'2017-11-07 10:31:03',6),(18522,'学徒','上海','20001-24000',2,'2017-11-07 10:31:03',5),(18523,'学徒','上海','32001-36000',0,'2017-11-07 10:31:03',8),(18524,'学徒','上海','36001-40000',0,'2017-11-07 10:31:03',9),(18525,'学徒','上海','28001-32000',2,'2017-11-07 10:31:03',7),(18526,'总监','上海','0-4000',1388,'2017-11-07 10:31:04',0),(18527,'总监','上海','24001-28000',4101,'2017-11-07 10:31:04',6),(18528,'总监','上海','28001-32000',4803,'2017-11-07 10:31:04',7),(18529,'总监','上海','8001-12000',26042,'2017-11-07 10:31:04',2),(18530,'总监','上海','16000-20000',7616,'2017-11-07 10:31:04',4),(18531,'总监','上海','20001-24000',3873,'2017-11-07 10:31:04',5),(18532,'总监','上海','36001-40000',1830,'2017-11-07 10:31:04',9),(18533,'总监','上海','12000-16000',18321,'2017-11-07 10:31:04',3),(18534,'总监','上海','4001-8000',18745,'2017-11-07 10:31:04',1),(18535,'总监','上海','32001-36000',1960,'2017-11-07 10:31:04',8),(18536,'厨师','上海','12000-16000',3014,'2017-11-07 10:31:05',3),(18537,'厨师','上海','0-4000',224,'2017-11-07 10:31:05',0),(18538,'厨师','上海','4001-8000',1302,'2017-11-07 10:31:05',1),(18539,'厨师','上海','16000-20000',86,'2017-11-07 10:31:05',4),(18540,'厨师','上海','28001-32000',33,'2017-11-07 10:31:05',7),(18541,'厨师','上海','20001-24000',28,'2017-11-07 10:31:05',5),(18542,'厨师','上海','8001-12000',5382,'2017-11-07 10:31:05',2),(18543,'厨师','上海','24001-28000',33,'2017-11-07 10:31:05',6),(18544,'厨师','上海','36001-40000',6,'2017-11-07 10:31:05',9),(18545,'厨师','上海','32001-36000',11,'2017-11-07 10:31:05',8),(18546,'人事','上海','12000-16000',5231,'2017-11-07 10:31:06',3),(18547,'人事','上海','0-4000',2794,'2017-11-07 10:31:06',0),(18548,'人事','上海','4001-8000',19159,'2017-11-07 10:31:06',1),(18549,'人事','上海','8001-12000',7713,'2017-11-07 10:31:06',2),(18550,'人事','上海','28001-32000',638,'2017-11-07 10:31:06',7),(18551,'人事','上海','20001-24000',601,'2017-11-07 10:31:06',5),(18552,'人事','上海','24001-28000',556,'2017-11-07 10:31:06',6),(18553,'人事','上海','36001-40000',197,'2017-11-07 10:31:06',9),(18554,'人事','上海','32001-36000',206,'2017-11-07 10:31:06',8),(18555,'人事','上海','16000-20000',1755,'2017-11-07 10:31:06',4),(18556,'sem','上海','8001-12000',640,'2017-11-07 10:31:06',2),(18557,'sem','上海','0-4000',110,'2017-11-07 10:31:06',0),(18558,'sem','上海','12000-16000',364,'2017-11-07 10:31:06',3),(18559,'sem','上海','20001-24000',36,'2017-11-07 10:31:07',5),(18560,'sem','上海','16000-20000',101,'2017-11-07 10:31:07',4),(18561,'sem','上海','24001-28000',38,'2017-11-07 10:31:07',6),(18562,'sem','上海','28001-32000',37,'2017-11-07 10:31:07',7),(18563,'sem','上海','32001-36000',10,'2017-11-07 10:31:07',8),(18564,'sem','上海','4001-8000',1355,'2017-11-07 10:31:07',1),(18565,'sem','上海','36001-40000',8,'2017-11-07 10:31:07',9),(18566,'电话销售','上海','0-4000',1283,'2017-11-07 10:31:07',0),(18567,'电话销售','上海','20001-24000',174,'2017-11-07 10:31:07',5),(18568,'电话销售','上海','16000-20000',1215,'2017-11-07 10:31:07',4),(18569,'电话销售','上海','12000-16000',6119,'2017-11-07 10:31:07',3),(18570,'电话销售','上海','24001-28000',177,'2017-11-07 10:31:07',6),(18571,'电话销售','上海','28001-32000',214,'2017-11-07 10:31:07',7),(18572,'电话销售','上海','8001-12000',11614,'2017-11-07 10:31:08',2),(18573,'电话销售','上海','4001-8000',10038,'2017-11-07 10:31:08',1),(18574,'电话销售','上海','32001-36000',48,'2017-11-07 10:31:08',8),(18575,'电话销售','上海','36001-40000',50,'2017-11-07 10:31:08',9),(18576,'电话销售3','上海','4001-8000',786,'2017-11-07 10:31:08',1),(18577,'电话销售3','上海','0-4000',57,'2017-11-07 10:31:08',0),(18578,'电话销售3','上海','8001-12000',1026,'2017-11-07 10:31:09',2),(18579,'电话销售3','上海','20001-24000',28,'2017-11-07 10:31:09',5),(18580,'电话销售3','上海','24001-28000',28,'2017-11-07 10:31:09',6),(18581,'电话销售3','上海','16000-20000',81,'2017-11-07 10:31:09',4),(18582,'电话销售3','上海','28001-32000',42,'2017-11-07 10:31:09',7),(18583,'电话销售3','上海','12000-16000',520,'2017-11-07 10:31:09',3),(18584,'java3','上海','0-4000',0,'2017-11-07 10:31:09',0),(18585,'java3','上海','8001-12000',1,'2017-11-07 10:31:09',2),(18586,'java3','上海','4001-8000',0,'2017-11-07 10:31:09',1),(18587,'java3','上海','20001-24000',0,'2017-11-07 10:31:09',5),(18588,'java3','上海','16000-20000',0,'2017-11-07 10:31:09',4),(18589,'电话销售3','上海','32001-36000',14,'2017-11-07 10:31:09',8),(18590,'java3','上海','12000-16000',1,'2017-11-07 10:31:09',3),(18591,'java3','上海','36001-40000',0,'2017-11-07 10:31:09',9),(18592,'电话销售3','上海','36001-40000',15,'2017-11-07 10:31:09',9),(18593,'java3','上海','24001-28000',0,'2017-11-07 10:31:09',6),(18594,'java3','上海','28001-32000',0,'2017-11-07 10:31:09',7),(18595,'java3','上海','32001-36000',0,'2017-11-07 10:31:09',8),(18596,'销售3','上海','0-4000',3913,'2017-11-07 10:31:10',0),(18597,'销售3','上海','8001-12000',25451,'2017-11-07 10:31:10',2),(18598,'销售3','上海','4001-8000',25482,'2017-11-07 10:31:11',1),(18599,'销售3','上海','20001-24000',1478,'2017-11-07 10:31:11',5),(18600,'销售3','上海','16000-20000',4056,'2017-11-07 10:31:11',4),(18601,'销售3','上海','24001-28000',1519,'2017-11-07 10:31:11',6),(18602,'销售3','上海','28001-32000',1617,'2017-11-07 10:31:11',7),(18603,'销售3','上海','12000-16000',14167,'2017-11-07 10:31:11',3),(18604,'司机3','上海','12000-16000',20,'2017-11-07 10:31:11',3),(18605,'司机3','上海','4001-8000',395,'2017-11-07 10:31:11',1),(18606,'司机3','上海','20001-24000',2,'2017-11-07 10:31:11',5),(18607,'司机3','上海','0-4000',27,'2017-11-07 10:31:11',0),(18608,'司机3','上海','16000-20000',5,'2017-11-07 10:31:11',4),(18609,'司机3','上海','8001-12000',64,'2017-11-07 10:31:11',2),(18610,'销售3','上海','32001-36000',488,'2017-11-07 10:31:11',8),(18611,'销售3','上海','36001-40000',422,'2017-11-07 10:31:11',9),(18612,'司机3','上海','24001-28000',2,'2017-11-07 10:31:11',6),(18613,'司机3','上海','36001-40000',0,'2017-11-07 10:31:11',9),(18614,'财务发','上海','0-4000',0,'2017-11-07 10:31:11',0),(18615,'财务发','上海','8001-12000',1,'2017-11-07 10:31:11',2),(18616,'司机3','上海','28001-32000',2,'2017-11-07 10:31:11',7),(18617,'财务发','上海','4001-8000',2,'2017-11-07 10:31:12',1),(18618,'司机3','上海','32001-36000',0,'2017-11-07 10:31:12',8),(18619,'财务发','上海','16000-20000',1,'2017-11-07 10:31:12',4),(18620,'财务发','上海','20001-24000',0,'2017-11-07 10:31:12',5),(18621,'财务发','上海','12000-16000',2,'2017-11-07 10:31:12',3),(18622,'财务发','上海','36001-40000',1,'2017-11-07 10:31:12',9),(18623,'财务发','上海','24001-28000',0,'2017-11-07 10:31:12',6),(18624,'财务发','上海','28001-32000',1,'2017-11-07 10:31:12',7),(18625,'java放','上海','0-4000',0,'2017-11-07 10:31:12',0),(18626,'java放','上海','4001-8000',4,'2017-11-07 10:31:12',1),(18627,'财务发','上海','32001-36000',1,'2017-11-07 10:31:12',8),(18628,'java放','上海','8001-12000',0,'2017-11-07 10:31:12',2),(18629,'java放','上海','20001-24000',0,'2017-11-07 10:31:12',5),(18630,'java放','上海','16000-20000',0,'2017-11-07 10:31:12',4),(18631,'java放','上海','32001-36000',0,'2017-11-07 10:31:12',8),(18632,'java放','上海','24001-28000',0,'2017-11-07 10:31:12',6),(18633,'java放','上海','12000-16000',0,'2017-11-07 10:31:12',3),(18634,'java放','上海','28001-32000',0,'2017-11-07 10:31:12',7),(18635,'java放','上海','36001-40000',0,'2017-11-07 10:31:13',9),(18636,'销售反对','上海','0-4000',0,'2017-11-07 10:31:13',0),(18637,'销售反对','上海','16000-20000',0,'2017-11-07 10:31:13',4),(18638,'销售反对','上海','12000-16000',0,'2017-11-07 10:31:13',3),(18639,'销售反对','上海','8001-12000',0,'2017-11-07 10:31:13',2),(18640,'销售反对','上海','24001-28000',2,'2017-11-07 10:31:13',6),(18641,'销售反对','上海','4001-8000',5,'2017-11-07 10:31:13',1),(18642,'销售反对','上海','32001-36000',0,'2017-11-07 10:31:13',8),(18643,'销售反对','上海','28001-32000',2,'2017-11-07 10:31:13',7),(18644,'销售反对','上海','36001-40000',0,'2017-11-07 10:31:13',9),(18645,'销售反对','上海','20001-24000',2,'2017-11-07 10:31:13',5),(18646,'司机党','上海','0-4000',0,'2017-11-07 10:31:13',0),(18647,'司机党','上海','8001-12000',0,'2017-11-07 10:31:13',2),(18648,'司机党','上海','4001-8000',0,'2017-11-07 10:31:13',1),(18649,'司机党','上海','16000-20000',0,'2017-11-07 10:31:13',4),(18650,'司机党','上海','20001-24000',0,'2017-11-07 10:31:13',5),(18651,'司机党','上海','24001-28000',0,'2017-11-07 10:31:13',6),(18652,'司机党','上海','28001-32000',0,'2017-11-07 10:31:13',7),(18653,'司机党','上海','12000-16000',0,'2017-11-07 10:31:13',3),(18654,'司机党','上海','32001-36000',0,'2017-11-07 10:31:13',8),(18655,'司机党','上海','36001-40000',0,'2017-11-07 10:31:13',9),(18656,'财务3','上海','0-4000',928,'2017-11-07 10:31:14',0),(18657,'财务3','上海','4001-8000',4738,'2017-11-07 10:31:14',1),(18658,'财务3','上海','12000-16000',1270,'2017-11-07 10:31:14',3),(18659,'财务3','上海','20001-24000',272,'2017-11-07 10:31:14',5),(18660,'财务3','上海','16000-20000',566,'2017-11-07 10:31:14',4),(18661,'财务3','上海','24001-28000',285,'2017-11-07 10:31:14',6),(18662,'财务3','上海','32001-36000',131,'2017-11-07 10:31:14',8),(18663,'财务3','上海','8001-12000',1750,'2017-11-07 10:31:14',2),(18664,'财务55','上海','0-4000',0,'2017-11-07 10:31:14',0),(18665,'财务55','上海','8001-12000',0,'2017-11-07 10:31:14',2),(18666,'财务55','上海','12000-16000',0,'2017-11-07 10:31:15',3),(18667,'财务3','上海','28001-32000',298,'2017-11-07 10:31:15',7),(18668,'财务55','上海','16000-20000',0,'2017-11-07 10:31:15',4),(18669,'财务3','上海','36001-40000',117,'2017-11-07 10:31:15',9),(18670,'财务55','上海','4001-8000',1,'2017-11-07 10:31:15',1),(18671,'财务55','上海','20001-24000',0,'2017-11-07 10:31:15',5),(18672,'财务55','上海','28001-32000',0,'2017-11-07 10:31:15',7),(18673,'财务55','上海','36001-40000',0,'2017-11-07 10:31:15',9),(18674,'java55','上海','0-4000',0,'2017-11-07 10:31:15',0),(18675,'财务55','上海','24001-28000',0,'2017-11-07 10:31:15',6),(18676,'java55','上海','16000-20000',0,'2017-11-07 10:31:15',4),(18677,'java55','上海','12000-16000',0,'2017-11-07 10:31:15',3),(18678,'java55','上海','20001-24000',0,'2017-11-07 10:31:15',5),(18679,'财务55','上海','32001-36000',0,'2017-11-07 10:31:15',8),(18680,'java55','上海','8001-12000',0,'2017-11-07 10:31:15',2),(18681,'java55','上海','24001-28000',0,'2017-11-07 10:31:15',6),(18682,'java55','上海','4001-8000',0,'2017-11-07 10:31:15',1),(18683,'java55','上海','28001-32000',0,'2017-11-07 10:31:16',7),(18684,'java55','上海','32001-36000',0,'2017-11-07 10:31:16',8),(18685,'销售55','上海','0-4000',0,'2017-11-07 10:31:16',0),(18686,'java55','上海','36001-40000',0,'2017-11-07 10:31:16',9),(18687,'销售55','上海','12000-16000',3,'2017-11-07 10:31:16',3),(18688,'销售55','上海','16000-20000',0,'2017-11-07 10:31:16',4),(18689,'销售55','上海','4001-8000',0,'2017-11-07 10:31:16',1),(18690,'销售55','上海','8001-12000',3,'2017-11-07 10:31:16',2),(18691,'销售55','上海','20001-24000',0,'2017-11-07 10:31:16',5),(18692,'销售55','上海','24001-28000',0,'2017-11-07 10:31:16',6),(18693,'销售55','上海','36001-40000',0,'2017-11-07 10:31:16',9),(18694,'司机55','上海','12000-16000',0,'2017-11-07 10:31:16',3),(18695,'销售55','上海','28001-32000',0,'2017-11-07 10:31:16',7),(18696,'销售55','上海','32001-36000',0,'2017-11-07 10:31:16',8),(18697,'司机55','上海','8001-12000',1,'2017-11-07 10:31:16',2),(18698,'司机55','上海','0-4000',1,'2017-11-07 10:31:16',0),(18699,'司机55','上海','4001-8000',0,'2017-11-07 10:31:16',1),(18700,'司机55','上海','28001-32000',0,'2017-11-07 10:31:16',7),(18701,'司机55','上海','24001-28000',0,'2017-11-07 10:31:16',6),(18702,'司机55','上海','16000-20000',0,'2017-11-07 10:31:17',4),(18703,'司机55','上海','32001-36000',0,'2017-11-07 10:31:17',8),(18704,'司机55','上海','36001-40000',0,'2017-11-07 10:31:17',9),(18705,'司机55','上海','20001-24000',0,'2017-11-07 10:31:17',5),(18706,'财务5','上海','0-4000',550,'2017-11-07 10:31:17',0),(18707,'财务5','上海','4001-8000',3344,'2017-11-07 10:31:17',1),(18708,'财务5','上海','8001-12000',1420,'2017-11-07 10:31:17',2),(18709,'财务5','上海','16000-20000',420,'2017-11-07 10:31:17',4),(18710,'财务5','上海','20001-24000',235,'2017-11-07 10:31:17',5),(18711,'财务5','上海','24001-28000',247,'2017-11-07 10:31:17',6),(18712,'java5','上海','0-4000',0,'2017-11-07 10:31:18',0),(18713,'财务5','上海','12000-16000',933,'2017-11-07 10:31:18',3),(18714,'java5','上海','4001-8000',0,'2017-11-07 10:31:18',1),(18715,'财务5','上海','32001-36000',108,'2017-11-07 10:31:18',8),(18716,'java5','上海','8001-12000',0,'2017-11-07 10:31:18',2),(18717,'java5','上海','12000-16000',0,'2017-11-07 10:31:18',3),(18718,'财务5','上海','36001-40000',92,'2017-11-07 10:31:18',9),(18719,'java5','上海','20001-24000',0,'2017-11-07 10:31:18',5),(18720,'java5','上海','16000-20000',0,'2017-11-07 10:31:18',4),(18721,'java5','上海','32001-36000',0,'2017-11-07 10:31:18',8),(18722,'java5','上海','28001-32000',0,'2017-11-07 10:31:18',7),(18723,'java5','上海','24001-28000',0,'2017-11-07 10:31:18',6),(18724,'java5','上海','36001-40000',0,'2017-11-07 10:31:18',9),(18725,'财务5','上海','28001-32000',258,'2017-11-07 10:31:18',7),(18726,'销售5','上海','4001-8000',13731,'2017-11-07 10:31:19',1),(18727,'销售5','上海','16000-20000',2606,'2017-11-07 10:31:19',4),(18728,'销售5','上海','8001-12000',12665,'2017-11-07 10:31:19',2),(18729,'销售5','上海','24001-28000',729,'2017-11-07 10:31:19',6),(18730,'销售5','上海','28001-32000',810,'2017-11-07 10:31:19',7),(18731,'销售5','上海','20001-24000',748,'2017-11-07 10:31:19',5),(18732,'销售5','上海','0-4000',1768,'2017-11-07 10:31:19',0),(18733,'司机5','上海','0-4000',20,'2017-11-07 10:31:19',0),(18734,'司机5','上海','4001-8000',78,'2017-11-07 10:31:20',1),(18735,'销售5','上海','12000-16000',7328,'2017-11-07 10:31:20',3),(18736,'司机5','上海','12000-16000',19,'2017-11-07 10:31:20',3),(18737,'销售5','上海','36001-40000',255,'2017-11-07 10:31:20',9),(18738,'司机5','上海','20001-24000',1,'2017-11-07 10:31:20',5),(18739,'司机5','上海','16000-20000',4,'2017-11-07 10:31:20',4),(18740,'司机5','上海','8001-12000',31,'2017-11-07 10:31:20',2),(18741,'销售5','上海','32001-36000',304,'2017-11-07 10:31:20',8),(18742,'司机5','上海','28001-32000',2,'2017-11-07 10:31:20',7),(18743,'司机5','上海','36001-40000',1,'2017-11-07 10:31:20',9),(18744,'司机5','上海','32001-36000',1,'2017-11-07 10:31:20',8),(18745,'财务33','上海','8001-12000',0,'2017-11-07 10:31:20',2),(18746,'财务33','上海','4001-8000',1,'2017-11-07 10:31:20',1),(18747,'财务33','上海','0-4000',0,'2017-11-07 10:31:20',0),(18748,'司机5','上海','24001-28000',1,'2017-11-07 10:31:20',6),(18749,'财务33','上海','12000-16000',0,'2017-11-07 10:31:20',3),(18750,'财务33','上海','20001-24000',0,'2017-11-07 10:31:20',5),(18751,'财务33','上海','24001-28000',0,'2017-11-07 10:31:20',6),(18752,'财务33','上海','28001-32000',0,'2017-11-07 10:31:20',7),(18753,'财务33','上海','16000-20000',0,'2017-11-07 10:31:20',4),(18754,'java33','上海','0-4000',0,'2017-11-07 10:31:20',0),(18755,'财务33','上海','32001-36000',0,'2017-11-07 10:31:21',8),(18756,'财务33','上海','36001-40000',0,'2017-11-07 10:31:21',9),(18757,'java33','上海','12000-16000',0,'2017-11-07 10:31:21',3),(18758,'java33','上海','16000-20000',0,'2017-11-07 10:31:21',4),(18759,'java33','上海','28001-32000',0,'2017-11-07 10:31:21',7),(18760,'java33','上海','8001-12000',0,'2017-11-07 10:31:21',2),(18761,'java33','上海','20001-24000',0,'2017-11-07 10:31:21',5),(18762,'java33','上海','4001-8000',0,'2017-11-07 10:31:21',1),(18763,'java33','上海','32001-36000',0,'2017-11-07 10:31:21',8),(18764,'java33','上海','24001-28000',0,'2017-11-07 10:31:21',6),(18765,'java33','上海','36001-40000',0,'2017-11-07 10:31:21',9),(18766,'销售33','上海','12000-16000',6,'2017-11-07 10:31:21',3),(18767,'销售33','上海','0-4000',1,'2017-11-07 10:31:21',0),(18768,'销售33','上海','8001-12000',4,'2017-11-07 10:31:21',2),(18769,'销售33','上海','24001-28000',0,'2017-11-07 10:31:21',6),(18770,'销售33','上海','4001-8000',9,'2017-11-07 10:31:21',1),(18771,'销售33','上海','20001-24000',0,'2017-11-07 10:31:21',5),(18772,'销售33','上海','32001-36000',0,'2017-11-07 10:31:21',8),(18773,'司机33','上海','8001-12000',0,'2017-11-07 10:31:22',2),(18774,'司机33','上海','12000-16000',0,'2017-11-07 10:31:22',3),(18775,'销售33','上海','28001-32000',0,'2017-11-07 10:31:22',7),(18776,'销售33','上海','16000-20000',5,'2017-11-07 10:31:22',4),(18777,'司机33','上海','4001-8000',0,'2017-11-07 10:31:22',1),(18778,'司机33','上海','16000-20000',0,'2017-11-07 10:31:22',4),(18779,'司机33','上海','24001-28000',0,'2017-11-07 10:31:22',6),(18780,'司机33','上海','0-4000',0,'2017-11-07 10:31:22',0),(18781,'司机33','上海','28001-32000',0,'2017-11-07 10:31:22',7),(18782,'销售33','上海','36001-40000',0,'2017-11-07 10:31:22',9),(18783,'司机33','上海','20001-24000',0,'2017-11-07 10:31:22',5),(18784,'司机33','上海','32001-36000',0,'2017-11-07 10:31:23',8),(18785,'财务','广州','4001-8000',15264,'2017-11-07 10:31:23',1),(18786,'司机33','上海','36001-40000',0,'2017-11-07 10:31:23',9),(18787,'财务','广州','12000-16000',3661,'2017-11-07 10:31:23',3),(18788,'财务','广州','16000-20000',1147,'2017-11-07 10:31:23',4),(18789,'财务','广州','8001-12000',5200,'2017-11-07 10:31:23',2),(18790,'财务','广州','0-4000',6669,'2017-11-07 10:31:23',0),(18791,'财务','广州','24001-28000',529,'2017-11-07 10:31:23',6),(18792,'财务','广州','32001-36000',234,'2017-11-07 10:31:23',8),(18793,'财务','广州','20001-24000',515,'2017-11-07 10:31:23',5),(18794,'财务','广州','28001-32000',579,'2017-11-07 10:31:23',7),(18795,'财务','广州','36001-40000',217,'2017-11-07 10:31:23',9),(18796,'java','广州','0-4000',888,'2017-11-07 10:31:23',0),(18797,'java','广州','4001-8000',3804,'2017-11-07 10:31:23',1),(18798,'java','广州','12000-16000',2065,'2017-11-07 10:31:24',3),(18799,'java','广州','8001-12000',2252,'2017-11-07 10:31:24',2),(18800,'java','广州','16000-20000',915,'2017-11-07 10:31:24',4),(18801,'java','广州','20001-24000',353,'2017-11-07 10:31:24',5),(18802,'java','广州','24001-28000',331,'2017-11-07 10:31:24',6),(18803,'java','广州','28001-32000',242,'2017-11-07 10:31:24',7),(18804,'java','广州','32001-36000',66,'2017-11-07 10:31:24',8),(18805,'java','广州','36001-40000',49,'2017-11-07 10:31:24',9),(18806,'销售','广州','16000-20000',5983,'2017-11-07 10:31:24',4),(18807,'销售','广州','0-4000',24248,'2017-11-07 10:31:24',0),(18808,'销售','广州','4001-8000',84884,'2017-11-07 10:31:25',1),(18809,'销售','广州','28001-32000',2455,'2017-11-07 10:31:25',7),(18810,'销售','广州','8001-12000',47779,'2017-11-07 10:31:25',2),(18811,'销售','广州','32001-36000',870,'2017-11-07 10:31:25',8),(18812,'销售','广州','24001-28000',2158,'2017-11-07 10:31:25',6),(18813,'销售','广州','20001-24000',2067,'2017-11-07 10:31:25',5),(18814,'销售','广州','12000-16000',25258,'2017-11-07 10:31:25',3),(18815,'司机','广州','4001-8000',3060,'2017-11-07 10:31:25',1),(18816,'销售','广州','36001-40000',786,'2017-11-07 10:31:25',9),(18817,'司机','广州','0-4000',793,'2017-11-07 10:31:25',0),(18818,'司机','广州','20001-24000',14,'2017-11-07 10:31:25',5),(18819,'司机','广州','8001-12000',431,'2017-11-07 10:31:25',2),(18820,'司机','广州','16000-20000',42,'2017-11-07 10:31:25',4),(18821,'司机','广州','12000-16000',167,'2017-11-07 10:31:25',3),(18822,'司机','广州','24001-28000',16,'2017-11-07 10:31:25',6),(18823,'司机','广州','28001-32000',21,'2017-11-07 10:31:26',7),(18824,'司机','广州','36001-40000',8,'2017-11-07 10:31:26',9),(18825,'司机','广州','32001-36000',10,'2017-11-07 10:31:26',8),(18826,'采购','广州','8001-12000',3611,'2017-11-07 10:31:26',2),(18827,'采购','广州','12000-16000',1893,'2017-11-07 10:31:26',3),(18828,'采购','广州','0-4000',5887,'2017-11-07 10:31:26',0),(18829,'采购','广州','20001-24000',158,'2017-11-07 10:31:26',5),(18830,'采购','广州','4001-8000',12309,'2017-11-07 10:31:26',1),(18831,'采购','广州','24001-28000',161,'2017-11-07 10:31:26',6),(18832,'采购','广州','36001-40000',60,'2017-11-07 10:31:26',9),(18833,'采购','广州','28001-32000',159,'2017-11-07 10:31:26',7),(18834,'采购','广州','32001-36000',61,'2017-11-07 10:31:26',8),(18835,'采购','广州','16000-20000',448,'2017-11-07 10:31:26',4),(18836,'前台','广州','0-4000',3583,'2017-11-07 10:31:27',0),(18837,'前台','广州','8001-12000',314,'2017-11-07 10:31:27',2),(18838,'前台','广州','12000-16000',189,'2017-11-07 10:31:27',3),(18839,'前台','广州','20001-24000',16,'2017-11-07 10:31:27',5),(18840,'前台','广州','4001-8000',4777,'2017-11-07 10:31:27',1),(18841,'前台','广州','28001-32000',15,'2017-11-07 10:31:27',7),(18842,'前台','广州','16000-20000',44,'2017-11-07 10:31:27',4),(18843,'前台','广州','24001-28000',16,'2017-11-07 10:31:27',6),(18844,'前台','广州','32001-36000',3,'2017-11-07 10:31:27',8),(18845,'前台','广州','36001-40000',3,'2017-11-07 10:31:27',9),(18846,'工程师','广州','8001-12000',12331,'2017-11-07 10:31:27',2),(18847,'工程师','广州','16000-20000',2875,'2017-11-07 10:31:27',4),(18848,'工程师','广州','20001-24000',890,'2017-11-07 10:31:28',5),(18849,'工程师','广州','24001-28000',855,'2017-11-07 10:31:28',6),(18850,'工程师','广州','0-4000',6487,'2017-11-07 10:31:28',0),(18851,'工程师','广州','28001-32000',703,'2017-11-07 10:31:28',7),(18852,'工程师','广州','12000-16000',8473,'2017-11-07 10:31:28',3),(18853,'工程师','广州','4001-8000',22303,'2017-11-07 10:31:28',1),(18854,'学徒','广州','16000-20000',4,'2017-11-07 10:31:28',4),(18855,'工程师','广州','32001-36000',223,'2017-11-07 10:31:28',8),(18856,'学徒','广州','12000-16000',279,'2017-11-07 10:31:28',3),(18857,'学徒','广州','20001-24000',3,'2017-11-07 10:31:28',5),(18858,'学徒','广州','0-4000',1301,'2017-11-07 10:31:28',0),(18859,'学徒','广州','24001-28000',3,'2017-11-07 10:31:28',6),(18860,'学徒','广州','4001-8000',5348,'2017-11-07 10:31:28',1),(18861,'学徒','广州','28001-32000',3,'2017-11-07 10:31:28',7),(18862,'学徒','广州','32001-36000',0,'2017-11-07 10:31:29',8),(18863,'工程师','广州','36001-40000',201,'2017-11-07 10:31:29',9),(18864,'学徒','广州','36001-40000',0,'2017-11-07 10:31:29',9),(18865,'学徒','广州','8001-12000',846,'2017-11-07 10:31:29',2),(18866,'总监','广州','0-4000',2572,'2017-11-07 10:31:29',0),(18867,'总监','广州','12000-16000',7163,'2017-11-07 10:31:29',3),(18868,'总监','广州','8001-12000',11037,'2017-11-07 10:31:29',2),(18869,'总监','广州','20001-24000',1597,'2017-11-07 10:31:29',5),(18870,'总监','广州','16000-20000',2893,'2017-11-07 10:31:29',4),(18871,'总监','广州','28001-32000',1907,'2017-11-07 10:31:29',7),(18872,'总监','广州','32001-36000',818,'2017-11-07 10:31:29',8),(18873,'总监','广州','24001-28000',1710,'2017-11-07 10:31:29',6),(18874,'总监','广州','4001-8000',12604,'2017-11-07 10:31:29',1),(18875,'总监','广州','36001-40000',740,'2017-11-07 10:31:29',9),(18876,'厨师','广州','20001-24000',7,'2017-11-07 10:31:30',5),(18877,'厨师','广州','0-4000',206,'2017-11-07 10:31:30',0),(18878,'厨师','广州','16000-20000',34,'2017-11-07 10:31:30',4),(18879,'厨师','广州','12000-16000',861,'2017-11-07 10:31:30',3),(18880,'厨师','广州','28001-32000',9,'2017-11-07 10:31:30',7),(18881,'厨师','广州','24001-28000',9,'2017-11-07 10:31:30',6),(18882,'厨师','广州','8001-12000',1575,'2017-11-07 10:31:30',2),(18883,'厨师','广州','4001-8000',610,'2017-11-07 10:31:30',1),(18884,'厨师','广州','32001-36000',4,'2017-11-07 10:31:30',8),(18885,'厨师','广州','36001-40000',2,'2017-11-07 10:31:30',9),(18886,'人事','广州','12000-16000',1600,'2017-11-07 10:31:30',3),(18887,'人事','广州','4001-8000',11755,'2017-11-07 10:31:30',1),(18888,'人事','广州','8001-12000',3073,'2017-11-07 10:31:30',2),(18889,'人事','广州','0-4000',5230,'2017-11-07 10:31:30',0),(18890,'人事','广州','20001-24000',164,'2017-11-07 10:31:30',5),(18891,'人事','广州','16000-20000',461,'2017-11-07 10:31:30',4),(18892,'人事','广州','24001-28000',166,'2017-11-07 10:31:30',6),(18893,'人事','广州','28001-32000',182,'2017-11-07 10:31:31',7),(18894,'sem','广州','0-4000',347,'2017-11-07 10:31:31',0),(18895,'人事','广州','36001-40000',57,'2017-11-07 10:31:31',9),(18896,'sem','广州','8001-12000',488,'2017-11-07 10:31:31',2),(18897,'人事','广州','32001-36000',61,'2017-11-07 10:31:31',8),(18898,'sem','广州','12000-16000',249,'2017-11-07 10:31:31',3),(18899,'sem','广州','4001-8000',1406,'2017-11-07 10:31:31',1),(18900,'sem','广州','16000-20000',59,'2017-11-07 10:31:31',4),(18901,'sem','广州','32001-36000',4,'2017-11-07 10:31:31',8),(18902,'sem','广州','24001-28000',18,'2017-11-07 10:31:31',6),(18903,'sem','广州','20001-24000',17,'2017-11-07 10:31:31',5),(18904,'sem','广州','36001-40000',4,'2017-11-07 10:31:31',9),(18905,'sem','广州','28001-32000',12,'2017-11-07 10:31:31',7),(18906,'电话销售','广州','0-4000',2119,'2017-11-07 10:31:32',0),(18907,'电话销售','广州','16000-20000',337,'2017-11-07 10:31:32',4),(18908,'电话销售','广州','8001-12000',4203,'2017-11-07 10:31:32',2),(18909,'电话销售','广州','28001-32000',117,'2017-11-07 10:31:32',7),(18910,'电话销售','广州','20001-24000',68,'2017-11-07 10:31:32',5),(18911,'电话销售','广州','12000-16000',1434,'2017-11-07 10:31:32',3),(18912,'电话销售','广州','24001-28000',69,'2017-11-07 10:31:32',6),(18913,'电话销售','广州','4001-8000',9189,'2017-11-07 10:31:32',1),(18914,'电话销售','广州','32001-36000',57,'2017-11-07 10:31:33',8),(18915,'电话销售3','广州','20001-24000',3,'2017-11-07 10:31:33',5),(18916,'电话销售','广州','36001-40000',59,'2017-11-07 10:31:33',9),(18917,'电话销售3','广州','16000-20000',18,'2017-11-07 10:31:33',4),(18918,'电话销售3','广州','8001-12000',234,'2017-11-07 10:31:33',2),(18919,'电话销售3','广州','4001-8000',445,'2017-11-07 10:31:33',1),(18920,'电话销售3','广州','0-4000',139,'2017-11-07 10:31:33',0),(18921,'电话销售3','广州','12000-16000',89,'2017-11-07 10:31:33',3),(18922,'电话销售3','广州','24001-28000',3,'2017-11-07 10:31:34',6),(18923,'java3','广州','0-4000',0,'2017-11-07 10:31:34',0),(18924,'电话销售3','广州','28001-32000',3,'2017-11-07 10:31:34',7),(18925,'java3','广州','12000-16000',0,'2017-11-07 10:31:34',3),(18926,'java3','广州','8001-12000',0,'2017-11-07 10:31:34',2),(18927,'java3','广州','4001-8000',0,'2017-11-07 10:31:34',1),(18928,'java3','广州','20001-24000',0,'2017-11-07 10:31:34',5),(18929,'电话销售3','广州','32001-36000',0,'2017-11-07 10:31:34',8),(18930,'java3','广州','16000-20000',0,'2017-11-07 10:31:34',4),(18931,'电话销售3','广州','36001-40000',0,'2017-11-07 10:31:34',9),(18932,'java3','广州','28001-32000',0,'2017-11-07 10:31:34',7),(18933,'java3','广州','32001-36000',0,'2017-11-07 10:31:34',8),(18934,'java3','广州','24001-28000',0,'2017-11-07 10:31:34',6),(18935,'java3','广州','36001-40000',0,'2017-11-07 10:31:34',9),(18936,'销售3','广州','0-4000',6674,'2017-11-07 10:31:35',0),(18937,'销售3','广州','16000-20000',2043,'2017-11-07 10:31:35',4),(18938,'销售3','广州','8001-12000',16682,'2017-11-07 10:31:35',2),(18939,'销售3','广州','4001-8000',25673,'2017-11-07 10:31:35',1),(18940,'销售3','广州','24001-28000',633,'2017-11-07 10:31:35',6),(18941,'销售3','广州','12000-16000',8783,'2017-11-07 10:31:35',3),(18942,'销售3','广州','20001-24000',605,'2017-11-07 10:31:35',5),(18943,'销售3','广州','28001-32000',758,'2017-11-07 10:31:35',7),(18944,'司机3','广州','0-4000',45,'2017-11-07 10:31:35',0),(18945,'司机3','广州','16000-20000',5,'2017-11-07 10:31:36',4),(18946,'司机3','广州','4001-8000',86,'2017-11-07 10:31:36',1),(18947,'司机3','广州','20001-24000',5,'2017-11-07 10:31:36',5),(18948,'司机3','广州','12000-16000',8,'2017-11-07 10:31:36',3),(18949,'销售3','广州','32001-36000',295,'2017-11-07 10:31:36',8),(18950,'司机3','广州','24001-28000',5,'2017-11-07 10:31:36',6),(18951,'司机3','广州','8001-12000',48,'2017-11-07 10:31:36',2),(18952,'司机3','广州','28001-32000',5,'2017-11-07 10:31:36',7),(18953,'司机3','广州','32001-36000',0,'2017-11-07 10:31:36',8),(18954,'销售3','广州','36001-40000',265,'2017-11-07 10:31:36',9),(18955,'财务发','广州','0-4000',1,'2017-11-07 10:31:36',0),(18956,'司机3','广州','36001-40000',0,'2017-11-07 10:31:36',9),(18957,'财务发','广州','12000-16000',0,'2017-11-07 10:31:36',3),(18958,'财务发','广州','4001-8000',4,'2017-11-07 10:31:36',1),(18959,'财务发','广州','16000-20000',0,'2017-11-07 10:31:36',4),(18960,'财务发','广州','8001-12000',2,'2017-11-07 10:31:36',2),(18961,'财务发','广州','28001-32000',0,'2017-11-07 10:31:36',7),(18962,'财务发','广州','20001-24000',0,'2017-11-07 10:31:36',5),(18963,'财务发','广州','24001-28000',0,'2017-11-07 10:31:36',6),(18964,'财务发','广州','32001-36000',0,'2017-11-07 10:31:36',8),(18965,'java放','广州','0-4000',0,'2017-11-07 10:31:37',0),(18966,'财务发','广州','36001-40000',0,'2017-11-07 10:31:37',9),(18967,'java放','广州','8001-12000',0,'2017-11-07 10:31:37',2),(18968,'java放','广州','12000-16000',0,'2017-11-07 10:31:37',3),(18969,'java放','广州','16000-20000',0,'2017-11-07 10:31:37',4),(18970,'java放','广州','24001-28000',0,'2017-11-07 10:31:37',6),(18971,'java放','广州','32001-36000',0,'2017-11-07 10:31:37',8),(18972,'java放','广州','28001-32000',0,'2017-11-07 10:31:37',7),(18973,'java放','广州','20001-24000',0,'2017-11-07 10:31:37',5),(18974,'销售反对','广州','0-4000',0,'2017-11-07 10:31:37',0),(18975,'java放','广州','4001-8000',0,'2017-11-07 10:31:37',1),(18976,'销售反对','广州','12000-16000',1,'2017-11-07 10:31:37',3),(18977,'销售反对','广州','4001-8000',1,'2017-11-07 10:31:37',1),(18978,'销售反对','广州','20001-24000',0,'2017-11-07 10:31:37',5),(18979,'销售反对','广州','24001-28000',0,'2017-11-07 10:31:37',6),(18980,'销售反对','广州','32001-36000',0,'2017-11-07 10:31:37',8),(18981,'java放','广州','36001-40000',0,'2017-11-07 10:31:37',9),(18982,'销售反对','广州','28001-32000',0,'2017-11-07 10:31:37',7),(18983,'销售反对','广州','8001-12000',1,'2017-11-07 10:31:38',2),(18984,'司机党','广州','0-4000',0,'2017-11-07 10:31:38',0),(18985,'司机党','广州','8001-12000',0,'2017-11-07 10:31:38',2),(18986,'司机党','广州','16000-20000',0,'2017-11-07 10:31:38',4),(18987,'司机党','广州','4001-8000',0,'2017-11-07 10:31:38',1),(18988,'司机党','广州','12000-16000',0,'2017-11-07 10:31:38',3),(18989,'司机党','广州','20001-24000',0,'2017-11-07 10:31:38',5),(18990,'司机党','广州','24001-28000',0,'2017-11-07 10:31:38',6),(18991,'司机党','广州','28001-32000',0,'2017-11-07 10:31:38',7),(18992,'销售反对','广州','36001-40000',0,'2017-11-07 10:31:38',9),(18993,'司机党','广州','32001-36000',0,'2017-11-07 10:31:38',8),(18994,'司机党','广州','36001-40000',0,'2017-11-07 10:31:39',9),(18995,'财务3','广州','12000-16000',538,'2017-11-07 10:31:39',3),(18996,'财务3','广州','8001-12000',786,'2017-11-07 10:31:39',2),(18997,'财务3','广州','16000-20000',193,'2017-11-07 10:31:39',4),(18998,'销售反对','广州','16000-20000',1,'2017-11-07 10:31:39',4),(18999,'财务3','广州','4001-8000',3160,'2017-11-07 10:31:39',1),(19000,'财务55','广州','4001-8000',0,'2017-11-07 10:31:39',1),(19001,'财务55','广州','0-4000',0,'2017-11-07 10:31:39',0),(19002,'财务3','广州','0-4000',1469,'2017-11-07 10:31:39',0),(19003,'财务3','广州','24001-28000',113,'2017-11-07 10:31:39',6),(19004,'财务3','广州','32001-36000',54,'2017-11-07 10:31:40',8),(19005,'财务55','广州','8001-12000',0,'2017-11-07 10:31:40',2),(19006,'财务55','广州','12000-16000',0,'2017-11-07 10:31:40',3),(19007,'财务55','广州','20001-24000',0,'2017-11-07 10:31:40',5),(19008,'财务3','广州','20001-24000',110,'2017-11-07 10:31:40',5),(19009,'财务55','广州','24001-28000',0,'2017-11-07 10:31:40',6),(19010,'财务55','广州','16000-20000',0,'2017-11-07 10:31:40',4),(19011,'财务3','广州','36001-40000',51,'2017-11-07 10:31:40',9),(19012,'财务3','广州','28001-32000',130,'2017-11-07 10:31:40',7),(19013,'财务55','广州','32001-36000',0,'2017-11-07 10:31:40',8),(19014,'java55','广州','4001-8000',0,'2017-11-07 10:31:40',1),(19015,'财务55','广州','28001-32000',0,'2017-11-07 10:31:40',7),(19016,'java55','广州','12000-16000',0,'2017-11-07 10:31:41',3),(19017,'财务55','广州','36001-40000',0,'2017-11-07 10:31:41',9),(19018,'java55','广州','0-4000',0,'2017-11-07 10:31:41',0),(19019,'java55','广州','8001-12000',0,'2017-11-07 10:31:41',2),(19020,'java55','广州','32001-36000',0,'2017-11-07 10:31:41',8),(19021,'java55','广州','16000-20000',0,'2017-11-07 10:31:41',4),(19022,'java55','广州','36001-40000',0,'2017-11-07 10:31:41',9),(19023,'java55','广州','28001-32000',0,'2017-11-07 10:31:41',7),(19024,'java55','广州','20001-24000',0,'2017-11-07 10:31:41',5),(19025,'java55','广州','24001-28000',0,'2017-11-07 10:31:41',6),(19026,'销售55','广州','0-4000',0,'2017-11-07 10:31:41',0),(19027,'销售55','广州','8001-12000',7,'2017-11-07 10:31:41',2),(19028,'销售55','广州','4001-8000',1,'2017-11-07 10:31:41',1),(19029,'销售55','广州','16000-20000',1,'2017-11-07 10:31:41',4),(19030,'销售55','广州','20001-24000',1,'2017-11-07 10:31:42',5),(19031,'销售55','广州','32001-36000',0,'2017-11-07 10:31:42',8),(19032,'销售55','广州','12000-16000',7,'2017-11-07 10:31:42',3),(19033,'销售55','广州','28001-32000',1,'2017-11-07 10:31:42',7),(19034,'销售55','广州','36001-40000',0,'2017-11-07 10:31:42',9),(19035,'销售55','广州','24001-28000',1,'2017-11-07 10:31:42',6),(19036,'司机55','广州','4001-8000',0,'2017-11-07 10:31:42',1),(19037,'司机55','广州','0-4000',0,'2017-11-07 10:31:42',0),(19038,'司机55','广州','12000-16000',0,'2017-11-07 10:31:42',3),(19039,'司机55','广州','8001-12000',0,'2017-11-07 10:31:42',2),(19040,'司机55','广州','36001-40000',0,'2017-11-07 10:31:42',9),(19041,'司机55','广州','16000-20000',0,'2017-11-07 10:31:42',4),(19042,'司机55','广州','28001-32000',0,'2017-11-07 10:31:42',7),(19043,'司机55','广州','32001-36000',0,'2017-11-07 10:31:42',8),(19044,'司机55','广州','20001-24000',0,'2017-11-07 10:31:42',5),(19045,'司机55','广州','24001-28000',0,'2017-11-07 10:31:42',6),(19046,'财务5','广州','0-4000',825,'2017-11-07 10:31:43',0),(19047,'财务5','广州','12000-16000',396,'2017-11-07 10:31:43',3),(19048,'财务5','广州','4001-8000',1992,'2017-11-07 10:31:43',1),(19049,'财务5','广州','8001-12000',564,'2017-11-07 10:31:43',2),(19050,'财务5','广州','24001-28000',88,'2017-11-07 10:31:43',6),(19051,'财务5','广州','20001-24000',88,'2017-11-07 10:31:43',5),(19052,'财务5','广州','16000-20000',164,'2017-11-07 10:31:43',4),(19053,'财务5','广州','28001-32000',93,'2017-11-07 10:31:43',7),(19054,'java5','广州','8001-12000',0,'2017-11-07 10:31:43',2),(19055,'java5','广州','16000-20000',0,'2017-11-07 10:31:43',4),(19056,'财务5','广州','32001-36000',41,'2017-11-07 10:31:43',8),(19057,'java5','广州','4001-8000',0,'2017-11-07 10:31:43',1),(19058,'java5','广州','28001-32000',0,'2017-11-07 10:31:43',7),(19059,'java5','广州','24001-28000',0,'2017-11-07 10:31:43',6),(19060,'java5','广州','36001-40000',0,'2017-11-07 10:31:43',9),(19061,'财务5','广州','36001-40000',40,'2017-11-07 10:31:43',9),(19062,'java5','广州','20001-24000',0,'2017-11-07 10:31:43',5),(19063,'java5','广州','12000-16000',0,'2017-11-07 10:31:44',3),(19064,'java5','广州','32001-36000',0,'2017-11-07 10:31:44',8),(19065,'java5','广州','0-4000',0,'2017-11-07 10:31:44',0),(19066,'销售5','广州','12000-16000',4100,'2017-11-07 10:31:44',3),(19067,'销售5','广州','0-4000',3121,'2017-11-07 10:31:45',0),(19068,'销售5','广州','20001-24000',428,'2017-11-07 10:31:45',5),(19069,'销售5','广州','24001-28000',438,'2017-11-07 10:31:45',6),(19070,'销售5','广州','8001-12000',7601,'2017-11-07 10:31:45',2),(19071,'销售5','广州','28001-32000',489,'2017-11-07 10:31:45',7),(19072,'销售5','广州','4001-8000',11603,'2017-11-07 10:31:45',1),(19073,'销售5','广州','16000-20000',917,'2017-11-07 10:31:45',4),(19074,'司机5','广州','0-4000',19,'2017-11-07 10:31:45',0),(19075,'司机5','广州','16000-20000',1,'2017-11-07 10:31:45',4),(19076,'司机5','广州','12000-16000',2,'2017-11-07 10:31:45',3),(19077,'司机5','广州','8001-12000',66,'2017-11-07 10:31:45',2),(19078,'司机5','广州','20001-24000',1,'2017-11-07 10:31:45',5),(19079,'司机5','广州','4001-8000',122,'2017-11-07 10:31:45',1),(19080,'销售5','广州','32001-36000',139,'2017-11-07 10:31:45',8),(19081,'销售5','广州','36001-40000',129,'2017-11-07 10:31:45',9),(19082,'司机5','广州','28001-32000',1,'2017-11-07 10:31:45',7),(19083,'司机5','广州','24001-28000',1,'2017-11-07 10:31:45',6),(19084,'司机5','广州','32001-36000',0,'2017-11-07 10:31:45',8),(19085,'财务33','广州','12000-16000',1,'2017-11-07 10:31:46',3),(19086,'财务33','广州','4001-8000',0,'2017-11-07 10:31:46',1),(19087,'司机5','广州','36001-40000',0,'2017-11-07 10:31:46',9),(19088,'财务33','广州','20001-24000',0,'2017-11-07 10:31:46',5),(19089,'财务33','广州','8001-12000',1,'2017-11-07 10:31:46',2),(19090,'财务33','广州','0-4000',0,'2017-11-07 10:31:46',0),(19091,'财务33','广州','16000-20000',0,'2017-11-07 10:31:46',4),(19092,'财务33','广州','32001-36000',0,'2017-11-07 10:31:46',8),(19093,'财务33','广州','28001-32000',0,'2017-11-07 10:31:46',7),(19094,'财务33','广州','24001-28000',0,'2017-11-07 10:31:46',6),(19095,'java33','广州','4001-8000',0,'2017-11-07 10:31:46',1),(19096,'java33','广州','0-4000',0,'2017-11-07 10:31:46',0),(19097,'财务33','广州','36001-40000',0,'2017-11-07 10:31:46',9),(19098,'java33','广州','12000-16000',0,'2017-11-07 10:31:46',3),(19099,'java33','广州','20001-24000',0,'2017-11-07 10:31:46',5),(19100,'java33','广州','24001-28000',0,'2017-11-07 10:31:46',6),(19101,'java33','广州','16000-20000',0,'2017-11-07 10:31:46',4),(19102,'java33','广州','28001-32000',0,'2017-11-07 10:31:46',7),(19103,'java33','广州','8001-12000',0,'2017-11-07 10:31:46',2),(19104,'销售33','广州','0-4000',1,'2017-11-07 10:31:46',0),(19105,'java33','广州','32001-36000',0,'2017-11-07 10:31:46',8),(19106,'java33','广州','36001-40000',0,'2017-11-07 10:31:47',9),(19107,'销售33','广州','12000-16000',1,'2017-11-07 10:31:47',3),(19108,'销售33','广州','16000-20000',1,'2017-11-07 10:31:47',4),(19109,'销售33','广州','8001-12000',5,'2017-11-07 10:31:47',2),(19110,'销售33','广州','24001-28000',0,'2017-11-07 10:31:47',6),(19111,'销售33','广州','28001-32000',0,'2017-11-07 10:31:47',7),(19112,'销售33','广州','20001-24000',0,'2017-11-07 10:31:47',5),(19113,'销售33','广州','32001-36000',0,'2017-11-07 10:31:47',8),(19114,'销售33','广州','36001-40000',0,'2017-11-07 10:31:47',9),(19115,'销售33','广州','4001-8000',26,'2017-11-07 10:31:47',1),(19116,'司机33','广州','0-4000',0,'2017-11-07 10:31:47',0),(19117,'司机33','广州','12000-16000',0,'2017-11-07 10:31:47',3),(19118,'司机33','广州','16000-20000',0,'2017-11-07 10:31:47',4),(19119,'司机33','广州','20001-24000',0,'2017-11-07 10:31:47',5),(19120,'司机33','广州','4001-8000',0,'2017-11-07 10:31:47',1),(19121,'司机33','广州','24001-28000',0,'2017-11-07 10:31:47',6),(19122,'司机33','广州','8001-12000',0,'2017-11-07 10:31:47',2),(19123,'司机33','广州','28001-32000',0,'2017-11-07 10:31:47',7),(19124,'司机33','广州','36001-40000',0,'2017-11-07 10:31:47',9),(19125,'司机33','广州','32001-36000',0,'2017-11-07 10:31:48',8),(19126,'财务','成都','0-4000',9131,'2017-11-07 10:31:48',0),(19127,'财务','成都','16000-20000',513,'2017-11-07 10:31:48',4),(19128,'财务','成都','8001-12000',2862,'2017-11-07 10:31:48',2),(19129,'财务','成都','20001-24000',235,'2017-11-07 10:31:48',5),(19130,'财务','成都','4001-8000',22660,'2017-11-07 10:31:48',1),(19131,'财务','成都','24001-28000',238,'2017-11-07 10:31:48',6),(19132,'财务','成都','12000-16000',1556,'2017-11-07 10:31:48',3),(19133,'财务','成都','28001-32000',271,'2017-11-07 10:31:48',7),(19134,'财务','成都','32001-36000',102,'2017-11-07 10:31:48',8),(19135,'财务','成都','36001-40000',98,'2017-11-07 10:31:48',9),(19136,'java','成都','0-4000',1205,'2017-11-07 10:31:48',0),(19137,'java','成都','16000-20000',508,'2017-11-07 10:31:48',4),(19138,'java','成都','12000-16000',1301,'2017-11-07 10:31:48',3),(19139,'java','成都','20001-24000',172,'2017-11-07 10:31:49',5),(19140,'java','成都','8001-12000',1541,'2017-11-07 10:31:49',2),(19141,'java','成都','24001-28000',164,'2017-11-07 10:31:49',6),(19142,'java','成都','28001-32000',118,'2017-11-07 10:31:49',7),(19143,'java','成都','32001-36000',27,'2017-11-07 10:31:49',8),(19144,'java','成都','36001-40000',21,'2017-11-07 10:31:49',9),(19145,'java','成都','4001-8000',7501,'2017-11-07 10:31:49',1),(19146,'销售','成都','0-4000',17549,'2017-11-07 10:31:49',0),(19147,'销售','成都','16000-20000',2380,'2017-11-07 10:31:49',4),(19148,'销售','成都','8001-12000',22944,'2017-11-07 10:31:49',2),(19149,'销售','成都','28001-32000',1046,'2017-11-07 10:31:49',7),(19150,'销售','成都','24001-28000',874,'2017-11-07 10:31:49',6),(19151,'销售','成都','4001-8000',58710,'2017-11-07 10:31:49',1),(19152,'销售','成都','20001-24000',870,'2017-11-07 10:31:50',5),(19153,'销售','成都','32001-36000',341,'2017-11-07 10:31:50',8),(19154,'司机','成都','4001-8000',3145,'2017-11-07 10:31:50',1),(19155,'销售','成都','36001-40000',336,'2017-11-07 10:31:50',9),(19156,'司机','成都','8001-12000',598,'2017-11-07 10:31:50',2),(19157,'司机','成都','0-4000',1003,'2017-11-07 10:31:50',0),(19158,'司机','成都','12000-16000',292,'2017-11-07 10:31:50',3),(19159,'销售','成都','12000-16000',10000,'2017-11-07 10:31:50',3),(19160,'司机','成都','16000-20000',36,'2017-11-07 10:31:50',4),(19161,'司机','成都','32001-36000',14,'2017-11-07 10:31:50',8),(19162,'司机','成都','24001-28000',17,'2017-11-07 10:31:51',6),(19163,'司机','成都','28001-32000',25,'2017-11-07 10:31:51',7),(19164,'采购','成都','0-4000',4384,'2017-11-07 10:31:51',0),(19165,'司机','成都','20001-24000',12,'2017-11-07 10:31:51',5),(19166,'司机','成都','36001-40000',9,'2017-11-07 10:31:51',9),(19167,'采购','成都','8001-12000',1771,'2017-11-07 10:31:51',2),(19168,'采购','成都','16000-20000',159,'2017-11-07 10:31:51',4),(19169,'采购','成都','28001-32000',71,'2017-11-07 10:31:51',7),(19170,'采购','成都','20001-24000',58,'2017-11-07 10:31:51',5),(19171,'采购','成都','32001-36000',29,'2017-11-07 10:31:51',8),(19172,'采购','成都','36001-40000',26,'2017-11-07 10:31:51',9),(19173,'采购','成都','4001-8000',10547,'2017-11-07 10:31:51',1),(19174,'前台','成都','4001-8000',4639,'2017-11-07 10:31:52',1),(19175,'前台','成都','8001-12000',217,'2017-11-07 10:31:52',2),(19176,'前台','成都','20001-24000',24,'2017-11-07 10:31:52',5),(19177,'采购','成都','24001-28000',59,'2017-11-07 10:31:52',6),(19178,'前台','成都','0-4000',3758,'2017-11-07 10:31:52',0),(19179,'采购','成都','12000-16000',1070,'2017-11-07 10:31:52',3),(19180,'前台','成都','12000-16000',159,'2017-11-07 10:31:52',3),(19181,'前台','成都','16000-20000',43,'2017-11-07 10:31:52',4),(19182,'前台','成都','24001-28000',23,'2017-11-07 10:31:52',6),(19183,'前台','成都','28001-32000',26,'2017-11-07 10:31:52',7),(19184,'前台','成都','32001-36000',6,'2017-11-07 10:31:52',8),(19185,'前台','成都','36001-40000',6,'2017-11-07 10:31:52',9),(19186,'工程师','成都','12000-16000',5081,'2017-11-07 10:31:53',3),(19187,'工程师','成都','16000-20000',1651,'2017-11-07 10:31:53',4),(19188,'工程师','成都','4001-8000',23092,'2017-11-07 10:31:53',1),(19189,'工程师','成都','20001-24000',502,'2017-11-07 10:31:53',5),(19190,'工程师','成都','0-4000',7613,'2017-11-07 10:31:53',0),(19191,'工程师','成都','8001-12000',7666,'2017-11-07 10:31:53',2),(19192,'工程师','成都','24001-28000',495,'2017-11-07 10:31:53',6),(19193,'工程师','成都','28001-32000',406,'2017-11-07 10:31:53',7),(19194,'工程师','成都','36001-40000',96,'2017-11-07 10:31:53',9),(19195,'学徒','成都','0-4000',1075,'2017-11-07 10:31:53',0),(19196,'工程师','成都','32001-36000',108,'2017-11-07 10:31:53',8),(19197,'学徒','成都','8001-12000',630,'2017-11-07 10:31:54',2),(19198,'学徒','成都','24001-28000',2,'2017-11-07 10:31:54',6),(19199,'ui','深圳','20001-24000',170,'2017-11-07 10:31:54',5),(19200,'学徒','成都','28001-32000',2,'2017-11-07 10:31:54',7),(19201,'学徒','成都','16000-20000',3,'2017-11-07 10:31:54',4),(19202,'ui','深圳','0-4000',358,'2017-11-07 10:31:54',0),(19203,'学徒','成都','32001-36000',0,'2017-11-07 10:31:54',8),(19204,'学徒','成都','20001-24000',2,'2017-11-07 10:31:54',5),(19205,'ui','深圳','16000-20000',450,'2017-11-07 10:31:54',4),(19206,'ui','深圳','28001-32000',107,'2017-11-07 10:31:54',7),(19207,'ui','深圳','8001-12000',1176,'2017-11-07 10:31:54',2),(19208,'学徒','成都','4001-8000',3455,'2017-11-07 10:31:54',1),(19209,'ui','深圳','12000-16000',1054,'2017-11-07 10:31:54',3),(19210,'学徒','成都','12000-16000',267,'2017-11-07 10:31:54',3),(19211,'ui','深圳','4001-8000',2789,'2017-11-07 10:31:54',1),(19212,'ui','深圳','32001-36000',19,'2017-11-07 10:31:54',8),(19213,'学徒','成都','36001-40000',0,'2017-11-07 10:31:54',9),(19214,'ui','深圳','24001-28000',164,'2017-11-07 10:31:54',6),(19215,'ui','深圳','36001-40000',15,'2017-11-07 10:31:54',9),(19216,'总监','成都','12000-16000',3481,'2017-11-07 10:31:54',3),(19217,'总监','成都','0-4000',2632,'2017-11-07 10:31:54',0),(19218,'总监','成都','8001-12000',5671,'2017-11-07 10:31:54',2),(19219,'总监','成都','4001-8000',13465,'2017-11-07 10:31:54',1),(19220,'总监','成都','16000-20000',1338,'2017-11-07 10:31:54',4),(19221,'总监','成都','24001-28000',688,'2017-11-07 10:31:55',6),(19222,'总监','成都','20001-24000',656,'2017-11-07 10:31:55',5),(19223,'厨师','成都','0-4000',214,'2017-11-07 10:31:55',0),(19224,'总监','成都','32001-36000',353,'2017-11-07 10:31:55',8),(19225,'厨师','成都','8001-12000',1540,'2017-11-07 10:31:55',2),(19226,'总监','成都','28001-32000',829,'2017-11-07 10:31:55',7),(19227,'厨师','成都','4001-8000',564,'2017-11-07 10:31:55',1),(19228,'总监','成都','36001-40000',346,'2017-11-07 10:31:55',9),(19229,'厨师','成都','20001-24000',12,'2017-11-07 10:31:55',5),(19230,'厨师','成都','12000-16000',913,'2017-11-07 10:31:55',3),(19231,'厨师','成都','24001-28000',17,'2017-11-07 10:31:56',6),(19232,'厨师','成都','32001-36000',12,'2017-11-07 10:31:56',8),(19233,'人事','成都','4001-8000',11328,'2017-11-07 10:31:56',1),(19234,'人事','成都','8001-12000',1617,'2017-11-07 10:31:56',2),(19235,'厨师','成都','36001-40000',6,'2017-11-07 10:31:56',9),(19236,'厨师','成都','16000-20000',39,'2017-11-07 10:31:56',4),(19237,'厨师','成都','28001-32000',22,'2017-11-07 10:31:56',7),(19238,'人事','成都','20001-24000',113,'2017-11-07 10:31:56',5),(19239,'人事','成都','0-4000',5151,'2017-11-07 10:31:56',0),(19240,'人事','成都','28001-32000',124,'2017-11-07 10:31:56',7),(19241,'人事','成都','24001-28000',113,'2017-11-07 10:31:56',6),(19242,'人事','成都','16000-20000',178,'2017-11-07 10:31:56',4),(19243,'人事','成都','32001-36000',33,'2017-11-07 10:31:56',8),(19244,'人事','成都','12000-16000',820,'2017-11-07 10:31:56',3),(19245,'人事','成都','36001-40000',34,'2017-11-07 10:31:56',9),(19246,'sem','成都','0-4000',216,'2017-11-07 10:31:57',0),(19247,'sem','成都','16000-20000',6,'2017-11-07 10:31:57',4),(19248,'sem','成都','20001-24000',1,'2017-11-07 10:31:57',5),(19249,'sem','成都','4001-8000',571,'2017-11-07 10:31:57',1),(19250,'sem','成都','32001-36000',0,'2017-11-07 10:31:57',8),(19251,'sem','成都','36001-40000',0,'2017-11-07 10:31:57',9),(19252,'sem','成都','24001-28000',1,'2017-11-07 10:31:57',6),(19253,'sem','成都','12000-16000',22,'2017-11-07 10:31:57',3),(19254,'sem','成都','8001-12000',69,'2017-11-07 10:31:57',2),(19255,'sem','成都','28001-32000',1,'2017-11-07 10:31:58',7),(19256,'电话销售','成都','12000-16000',841,'2017-11-07 10:31:58',3),(19257,'电话销售','成都','16000-20000',69,'2017-11-07 10:31:58',4),(19258,'电话销售','成都','24001-28000',10,'2017-11-07 10:31:58',6),(19259,'电话销售','成都','0-4000',1295,'2017-11-07 10:31:58',0),(19260,'电话销售','成都','8001-12000',2742,'2017-11-07 10:31:58',2),(19261,'电话销售','成都','20001-24000',9,'2017-11-07 10:31:58',5),(19262,'电话销售','成都','28001-32000',14,'2017-11-07 10:31:58',7),(19263,'电话销售','成都','4001-8000',6331,'2017-11-07 10:31:58',1),(19264,'电话销售','成都','32001-36000',5,'2017-11-07 10:31:58',8),(19265,'电话销售','成都','36001-40000',6,'2017-11-07 10:31:58',9),(19266,'电话销售3','成都','4001-8000',346,'2017-11-07 10:31:59',1),(19267,'电话销售3','成都','8001-12000',106,'2017-11-07 10:31:59',2),(19268,'电话销售3','成都','0-4000',73,'2017-11-07 10:31:59',0),(19269,'java3','成都','0-4000',0,'2017-11-07 10:31:59',0),(19270,'电话销售3','成都','28001-32000',0,'2017-11-07 10:31:59',7),(19271,'电话销售3','成都','12000-16000',51,'2017-11-07 10:31:59',3),(19272,'电话销售3','成都','24001-28000',0,'2017-11-07 10:31:59',6),(19273,'java3','成都','8001-12000',0,'2017-11-07 10:32:00',2),(19274,'java3','成都','12000-16000',0,'2017-11-07 10:32:00',3),(19275,'java3','成都','4001-8000',0,'2017-11-07 10:32:00',1),(19276,'电话销售3','成都','36001-40000',0,'2017-11-07 10:32:00',9),(19277,'java3','成都','16000-20000',0,'2017-11-07 10:32:00',4),(19278,'电话销售3','成都','32001-36000',0,'2017-11-07 10:32:00',8),(19279,'java3','成都','24001-28000',0,'2017-11-07 10:32:00',6),(19280,'java3','成都','28001-32000',0,'2017-11-07 10:32:00',7),(19281,'java3','成都','20001-24000',0,'2017-11-07 10:32:00',5),(19282,'java3','成都','32001-36000',0,'2017-11-07 10:32:00',8),(19283,'java3','成都','36001-40000',0,'2017-11-07 10:32:00',9),(19284,'销售3','成都','12000-16000',3084,'2017-11-07 10:32:01',3),(19285,'销售3','成都','4001-8000',17113,'2017-11-07 10:32:01',1),(19286,'销售3','成都','8001-12000',7306,'2017-11-07 10:32:01',2),(19287,'销售3','成都','16000-20000',764,'2017-11-07 10:32:01',4),(19288,'销售3','成都','32001-36000',110,'2017-11-07 10:32:02',8),(19289,'销售3','成都','24001-28000',284,'2017-11-07 10:32:02',6),(19290,'销售3','成都','28001-32000',347,'2017-11-07 10:32:02',7),(19291,'销售3','成都','36001-40000',110,'2017-11-07 10:32:02',9),(19292,'司机3','成都','4001-8000',107,'2017-11-07 10:32:03',1),(19293,'电话销售3','成都','20001-24000',0,'2017-11-07 10:32:03',5),(19294,'司机3','成都','12000-16000',15,'2017-11-07 10:32:03',3),(19295,'司机3','成都','16000-20000',2,'2017-11-07 10:32:03',4),(19296,'司机3','成都','20001-24000',0,'2017-11-07 10:32:03',5),(19297,'司机3','成都','24001-28000',0,'2017-11-07 10:32:03',6),(19298,'电话销售3','成都','16000-20000',5,'2017-11-07 10:32:03',4),(19299,'司机3','成都','0-4000',33,'2017-11-07 10:32:03',0),(19300,'司机3','成都','32001-36000',1,'2017-11-07 10:32:04',8),(19301,'司机3','成都','36001-40000',1,'2017-11-07 10:32:04',9),(19302,'司机3','成都','28001-32000',1,'2017-11-07 10:32:04',7),(19303,'财务发','成都','0-4000',3,'2017-11-07 10:32:04',0),(19304,'司机3','成都','8001-12000',50,'2017-11-07 10:32:04',2),(19305,'财务发','成都','4001-8000',3,'2017-11-07 10:32:04',1),(19306,'财务发','成都','16000-20000',0,'2017-11-07 10:32:04',4),(19307,'财务发','成都','8001-12000',0,'2017-11-07 10:32:04',2),(19308,'财务发','成都','12000-16000',0,'2017-11-07 10:32:04',3),(19309,'销售3','成都','0-4000',4809,'2017-11-07 10:32:04',0),(19310,'财务发','成都','20001-24000',0,'2017-11-07 10:32:04',5),(19311,'财务发','成都','28001-32000',0,'2017-11-07 10:32:04',7),(19312,'财务发','成都','32001-36000',0,'2017-11-07 10:32:04',8),(19313,'java放','成都','0-4000',0,'2017-11-07 10:32:04',0),(19314,'财务发','成都','36001-40000',0,'2017-11-07 10:32:04',9),(19315,'java放','成都','12000-16000',0,'2017-11-07 10:32:04',3),(19316,'财务发','成都','24001-28000',0,'2017-11-07 10:32:05',6),(19317,'销售3','成都','20001-24000',280,'2017-11-07 10:32:05',5),(19318,'java放','成都','16000-20000',0,'2017-11-07 10:32:05',4),(19319,'java放','成都','8001-12000',0,'2017-11-07 10:32:05',2),(19320,'java放','成都','4001-8000',0,'2017-11-07 10:32:05',1),(19321,'java放','成都','20001-24000',0,'2017-11-07 10:32:05',5),(19322,'java放','成都','36001-40000',0,'2017-11-07 10:32:05',9),(19323,'java放','成都','24001-28000',0,'2017-11-07 10:32:05',6),(19324,'销售反对','成都','4001-8000',0,'2017-11-07 10:32:05',1),(19325,'销售反对','成都','0-4000',0,'2017-11-07 10:32:05',0),(19326,'java放','成都','32001-36000',0,'2017-11-07 10:32:05',8),(19327,'java放','成都','28001-32000',0,'2017-11-07 10:32:05',7),(19328,'销售反对','成都','8001-12000',1,'2017-11-07 10:32:05',2),(19329,'销售反对','成都','16000-20000',0,'2017-11-07 10:32:05',4),(19330,'销售反对','成都','20001-24000',0,'2017-11-07 10:32:05',5),(19331,'销售反对','成都','24001-28000',0,'2017-11-07 10:32:05',6),(19332,'销售反对','成都','12000-16000',1,'2017-11-07 10:32:05',3),(19333,'销售反对','成都','36001-40000',0,'2017-11-07 10:32:05',9),(19334,'司机党','成都','0-4000',0,'2017-11-07 10:32:05',0),(19335,'司机党','成都','4001-8000',0,'2017-11-07 10:32:05',1),(19336,'销售反对','成都','32001-36000',0,'2017-11-07 10:32:05',8),(19337,'销售反对','成都','28001-32000',0,'2017-11-07 10:32:05',7),(19338,'司机党','成都','12000-16000',0,'2017-11-07 10:32:06',3),(19339,'司机党','成都','8001-12000',0,'2017-11-07 10:32:06',2),(19340,'司机党','成都','20001-24000',0,'2017-11-07 10:32:06',5),(19341,'司机党','成都','36001-40000',0,'2017-11-07 10:32:06',9),(19342,'司机党','成都','16000-20000',0,'2017-11-07 10:32:06',4),(19343,'司机党','成都','32001-36000',0,'2017-11-07 10:32:06',8),(19344,'司机党','成都','24001-28000',0,'2017-11-07 10:32:06',6),(19345,'司机党','成都','28001-32000',0,'2017-11-07 10:32:06',7),(19346,'财务3','成都','8001-12000',530,'2017-11-07 10:32:06',2),(19347,'财务3','成都','20001-24000',47,'2017-11-07 10:32:06',5),(19348,'财务3','成都','28001-32000',51,'2017-11-07 10:32:06',7),(19349,'财务3','成都','0-4000',2180,'2017-11-07 10:32:06',0),(19350,'财务3','成都','16000-20000',104,'2017-11-07 10:32:06',4),(19351,'财务3','成都','24001-28000',48,'2017-11-07 10:32:06',6),(19352,'财务3','成都','4001-8000',6637,'2017-11-07 10:32:07',1),(19353,'财务3','成都','12000-16000',286,'2017-11-07 10:32:07',3),(19354,'财务55','成都','0-4000',0,'2017-11-07 10:32:07',0),(19355,'财务3','成都','32001-36000',23,'2017-11-07 10:32:07',8),(19356,'财务55','成都','12000-16000',0,'2017-11-07 10:32:07',3),(19357,'财务55','成都','4001-8000',0,'2017-11-07 10:32:07',1),(19358,'财务3','成都','36001-40000',23,'2017-11-07 10:32:07',9),(19359,'财务55','成都','16000-20000',0,'2017-11-07 10:32:07',4),(19360,'财务55','成都','20001-24000',1,'2017-11-07 10:32:07',5),(19361,'财务55','成都','8001-12000',0,'2017-11-07 10:32:07',2),(19362,'财务55','成都','32001-36000',0,'2017-11-07 10:32:07',8),(19363,'财务55','成都','36001-40000',0,'2017-11-07 10:32:07',9),(19364,'财务55','成都','28001-32000',1,'2017-11-07 10:32:07',7),(19365,'java55','成都','8001-12000',0,'2017-11-07 10:32:07',2),(19366,'java55','成都','0-4000',0,'2017-11-07 10:32:07',0),(19367,'java55','成都','12000-16000',0,'2017-11-07 10:32:07',3),(19368,'java55','成都','16000-20000',0,'2017-11-07 10:32:07',4),(19369,'java55','成都','24001-28000',0,'2017-11-07 10:32:07',6),(19370,'java55','成都','20001-24000',0,'2017-11-07 10:32:07',5),(19371,'java55','成都','4001-8000',0,'2017-11-07 10:32:08',1),(19372,'财务55','成都','24001-28000',1,'2017-11-07 10:32:08',6),(19373,'java55','成都','32001-36000',0,'2017-11-07 10:32:08',8),(19374,'销售55','成都','20001-24000',0,'2017-11-07 10:32:08',5),(19375,'销售55','成都','12000-16000',2,'2017-11-07 10:32:08',3),(19376,'java55','成都','28001-32000',0,'2017-11-07 10:32:08',7),(19377,'销售55','成都','0-4000',0,'2017-11-07 10:32:08',0),(19378,'java55','成都','36001-40000',0,'2017-11-07 10:32:08',9),(19379,'销售55','成都','8001-12000',3,'2017-11-07 10:32:08',2),(19380,'销售55','成都','36001-40000',0,'2017-11-07 10:32:08',9),(19381,'销售55','成都','16000-20000',1,'2017-11-07 10:32:08',4),(19382,'销售55','成都','28001-32000',0,'2017-11-07 10:32:08',7),(19383,'销售55','成都','32001-36000',0,'2017-11-07 10:32:08',8),(19384,'销售55','成都','4001-8000',0,'2017-11-07 10:32:08',1),(19385,'销售55','成都','24001-28000',0,'2017-11-07 10:32:08',6),(19386,'司机55','成都','0-4000',0,'2017-11-07 10:32:09',0),(19387,'司机55','成都','16000-20000',0,'2017-11-07 10:32:09',4),(19388,'司机55','成都','4001-8000',4,'2017-11-07 10:32:09',1),(19389,'司机55','成都','12000-16000',2,'2017-11-07 10:32:09',3),(19390,'司机55','成都','8001-12000',6,'2017-11-07 10:32:09',2),(19391,'司机55','成都','24001-28000',0,'2017-11-07 10:32:09',6),(19392,'司机55','成都','20001-24000',0,'2017-11-07 10:32:09',5),(19393,'司机55','成都','32001-36000',0,'2017-11-07 10:32:09',8),(19394,'司机55','成都','28001-32000',0,'2017-11-07 10:32:09',7),(19395,'财务5','成都','0-4000',1196,'2017-11-07 10:32:09',0),(19396,'司机55','成都','36001-40000',0,'2017-11-07 10:32:09',9),(19397,'财务5','成都','20001-24000',29,'2017-11-07 10:32:09',5),(19398,'财务5','成都','12000-16000',199,'2017-11-07 10:32:10',3),(19399,'财务5','成都','4001-8000',4058,'2017-11-07 10:32:10',1),(19400,'财务5','成都','16000-20000',73,'2017-11-07 10:32:10',4),(19401,'财务5','成都','8001-12000',348,'2017-11-07 10:32:10',2),(19402,'财务5','成都','24001-28000',30,'2017-11-07 10:32:10',6),(19403,'java5','成都','0-4000',0,'2017-11-07 10:32:10',0),(19404,'java5','成都','16000-20000',0,'2017-11-07 10:32:10',4),(19405,'java5','成都','8001-12000',0,'2017-11-07 10:32:10',2),(19406,'财务5','成都','36001-40000',11,'2017-11-07 10:32:10',9),(19407,'java5','成都','12000-16000',0,'2017-11-07 10:32:10',3),(19408,'财务5','成都','28001-32000',34,'2017-11-07 10:32:10',7),(19409,'财务5','成都','32001-36000',11,'2017-11-07 10:32:10',8),(19410,'java5','成都','4001-8000',0,'2017-11-07 10:32:10',1),(19411,'java5','成都','20001-24000',0,'2017-11-07 10:32:10',5),(19412,'java5','成都','32001-36000',0,'2017-11-07 10:32:10',8),(19413,'java5','成都','36001-40000',0,'2017-11-07 10:32:10',9),(19414,'java5','成都','24001-28000',0,'2017-11-07 10:32:10',6),(19415,'java5','成都','28001-32000',0,'2017-11-07 10:32:10',7),(19416,'销售5','成都','20001-24000',142,'2017-11-07 10:32:11',5),(19417,'销售5','成都','8001-12000',3457,'2017-11-07 10:32:11',2),(19418,'销售5','成都','16000-20000',400,'2017-11-07 10:32:11',4),(19419,'销售5','成都','0-4000',2010,'2017-11-07 10:32:11',0),(19420,'销售5','成都','12000-16000',1641,'2017-11-07 10:32:11',3),(19421,'销售5','成都','24001-28000',141,'2017-11-07 10:32:11',6),(19422,'销售5','成都','4001-8000',7512,'2017-11-07 10:32:12',1),(19423,'销售5','成都','28001-32000',173,'2017-11-07 10:32:12',7),(19424,'司机5','成都','0-4000',23,'2017-11-07 10:32:12',0),(19425,'司机5','成都','16000-20000',0,'2017-11-07 10:32:12',4),(19426,'司机5','成都','8001-12000',11,'2017-11-07 10:32:12',2),(19427,'司机5','成都','20001-24000',0,'2017-11-07 10:32:12',5),(19428,'司机5','成都','4001-8000',43,'2017-11-07 10:32:12',1),(19429,'销售5','成都','32001-36000',60,'2017-11-07 10:32:12',8),(19430,'销售5','成都','36001-40000',63,'2017-11-07 10:32:12',9),(19431,'司机5','成都','24001-28000',0,'2017-11-07 10:32:12',6),(19432,'司机5','成都','36001-40000',0,'2017-11-07 10:32:12',9),(19433,'司机5','成都','12000-16000',3,'2017-11-07 10:32:12',3),(19434,'财务33','成都','4001-8000',0,'2017-11-07 10:32:12',1),(19435,'财务33','成都','8001-12000',0,'2017-11-07 10:32:12',2),(19436,'司机5','成都','28001-32000',0,'2017-11-07 10:32:13',7),(19437,'财务33','成都','0-4000',0,'2017-11-07 10:32:13',0),(19438,'司机5','成都','32001-36000',0,'2017-11-07 10:32:13',8),(19439,'财务33','成都','16000-20000',0,'2017-11-07 10:32:13',4),(19440,'财务33','成都','20001-24000',0,'2017-11-07 10:32:13',5),(19441,'财务33','成都','24001-28000',0,'2017-11-07 10:32:13',6),(19442,'java33','成都','12000-16000',0,'2017-11-07 10:32:13',3),(19443,'java33','成都','0-4000',0,'2017-11-07 10:32:13',0),(19444,'财务33','成都','36001-40000',0,'2017-11-07 10:32:13',9),(19445,'财务33','成都','28001-32000',0,'2017-11-07 10:32:13',7),(19446,'java33','成都','4001-8000',0,'2017-11-07 10:32:13',1),(19447,'java33','成都','8001-12000',0,'2017-11-07 10:32:13',2),(19448,'java33','成都','20001-24000',0,'2017-11-07 10:32:13',5),(19449,'java33','成都','16000-20000',0,'2017-11-07 10:32:13',4),(19450,'财务33','成都','12000-16000',0,'2017-11-07 10:32:13',3),(19451,'java33','成都','28001-32000',0,'2017-11-07 10:32:13',7),(19452,'java33','成都','36001-40000',0,'2017-11-07 10:32:13',9),(19453,'java33','成都','32001-36000',0,'2017-11-07 10:32:14',8),(19454,'财务33','成都','32001-36000',0,'2017-11-07 10:32:14',8),(19455,'java33','成都','24001-28000',0,'2017-11-07 10:32:14',6),(19456,'销售33','成都','0-4000',1,'2017-11-07 10:32:14',0),(19457,'销售33','成都','8001-12000',2,'2017-11-07 10:32:14',2),(19458,'销售33','成都','12000-16000',0,'2017-11-07 10:32:14',3),(19459,'销售33','成都','20001-24000',0,'2017-11-07 10:32:14',5),(19460,'销售33','成都','16000-20000',0,'2017-11-07 10:32:14',4),(19461,'销售33','成都','4001-8000',36,'2017-11-07 10:32:14',1),(19462,'销售33','成都','24001-28000',0,'2017-11-07 10:32:14',6),(19463,'销售33','成都','28001-32000',0,'2017-11-07 10:32:14',7),(19464,'销售33','成都','32001-36000',0,'2017-11-07 10:32:14',8),(19465,'销售33','成都','36001-40000',0,'2017-11-07 10:32:14',9),(19466,'司机33','成都','0-4000',0,'2017-11-07 10:32:14',0),(19467,'司机33','成都','16000-20000',0,'2017-11-07 10:32:14',4),(19468,'司机33','成都','12000-16000',0,'2017-11-07 10:32:14',3),(19469,'司机33','成都','4001-8000',0,'2017-11-07 10:32:14',1),(19470,'司机33','成都','8001-12000',0,'2017-11-07 10:32:14',2),(19471,'司机33','成都','28001-32000',0,'2017-11-07 10:32:14',7),(19472,'司机33','成都','20001-24000',0,'2017-11-07 10:32:15',5),(19473,'司机33','成都','24001-28000',0,'2017-11-07 10:32:15',6),(19474,'司机33','成都','36001-40000',0,'2017-11-07 10:32:15',9),(19475,'司机33','成都','32001-36000',0,'2017-11-07 10:32:15',8),(19476,'财务','武汉','0-4000',4758,'2017-11-07 10:32:15',0),(19477,'财务','武汉','4001-8000',7108,'2017-11-07 10:32:15',1),(19478,'财务','武汉','24001-28000',143,'2017-11-07 10:32:15',6),(19479,'财务','武汉','20001-24000',146,'2017-11-07 10:32:15',5),(19480,'财务','武汉','16000-20000',353,'2017-11-07 10:32:15',4),(19481,'财务','武汉','28001-32000',160,'2017-11-07 10:32:15',7),(19482,'财务','武汉','8001-12000',1733,'2017-11-07 10:32:15',2),(19483,'财务','武汉','12000-16000',1087,'2017-11-07 10:32:15',3),(19484,'财务','武汉','36001-40000',58,'2017-11-07 10:32:15',9),(19485,'财务','武汉','32001-36000',57,'2017-11-07 10:32:16',8),(19486,'java','武汉','4001-8000',3396,'2017-11-07 10:32:16',1),(19487,'java','武汉','0-4000',630,'2017-11-07 10:32:16',0),(19488,'java','武汉','12000-16000',932,'2017-11-07 10:32:16',3),(19489,'java','武汉','8001-12000',1271,'2017-11-07 10:32:16',2),(19490,'java','武汉','20001-24000',81,'2017-11-07 10:32:16',5),(19491,'java','武汉','24001-28000',74,'2017-11-07 10:32:16',6),(19492,'java','武汉','28001-32000',55,'2017-11-07 10:32:16',7),(19493,'java','武汉','36001-40000',13,'2017-11-07 10:32:16',9),(19494,'java','武汉','32001-36000',13,'2017-11-07 10:32:16',8),(19495,'java','武汉','16000-20000',325,'2017-11-07 10:32:16',4),(19496,'销售','武汉','0-4000',14322,'2017-11-07 10:32:16',0),(19497,'销售','武汉','16000-20000',2366,'2017-11-07 10:32:16',4),(19498,'销售','武汉','20001-24000',701,'2017-11-07 10:32:17',5),(19499,'销售','武汉','4001-8000',50072,'2017-11-07 10:32:17',1),(19500,'销售','武汉','24001-28000',700,'2017-11-07 10:32:17',6),(19501,'销售','武汉','8001-12000',24219,'2017-11-07 10:32:17',2),(19502,'销售','武汉','28001-32000',838,'2017-11-07 10:32:17',7),(19503,'销售','武汉','12000-16000',10646,'2017-11-07 10:32:17',3),(19504,'销售','武汉','32001-36000',282,'2017-11-07 10:32:17',8),(19505,'销售','武汉','36001-40000',284,'2017-11-07 10:32:17',9),(19506,'司机','武汉','0-4000',534,'2017-11-07 10:32:17',0),(19507,'司机','武汉','8001-12000',304,'2017-11-07 10:32:17',2),(19508,'司机','武汉','12000-16000',166,'2017-11-07 10:32:17',3),(19509,'司机','武汉','20001-24000',7,'2017-11-07 10:32:17',5),(19510,'司机','武汉','4001-8000',975,'2017-11-07 10:32:17',1),(19511,'司机','武汉','16000-20000',38,'2017-11-07 10:32:17',4),(19512,'司机','武汉','28001-32000',13,'2017-11-07 10:32:17',7),(19513,'司机','武汉','32001-36000',8,'2017-11-07 10:32:17',8),(19514,'司机','武汉','24001-28000',9,'2017-11-07 10:32:17',6),(19515,'司机','武汉','36001-40000',5,'2017-11-07 10:32:18',9),(19516,'采购','武汉','4001-8000',4343,'2017-11-07 10:32:18',1),(19517,'采购','武汉','8001-12000',1654,'2017-11-07 10:32:18',2),(19518,'采购','武汉','12000-16000',885,'2017-11-07 10:32:18',3),(19519,'采购','武汉','24001-28000',58,'2017-11-07 10:32:18',6),(19520,'采购','武汉','16000-20000',111,'2017-11-07 10:32:18',4),(19521,'采购','武汉','0-4000',2689,'2017-11-07 10:32:18',0),(19522,'采购','武汉','28001-32000',64,'2017-11-07 10:32:18',7),(19523,'采购','武汉','20001-24000',58,'2017-11-07 10:32:18',5),(19524,'采购','武汉','32001-36000',26,'2017-11-07 10:32:18',8),(19525,'前台','武汉','4001-8000',1727,'2017-11-07 10:32:18',1),(19526,'前台','武汉','24001-28000',19,'2017-11-07 10:32:18',6),(19527,'前台','武汉','20001-24000',20,'2017-11-07 10:32:19',5),(19528,'采购','武汉','36001-40000',24,'2017-11-07 10:32:19',9),(19529,'前台','武汉','0-4000',2619,'2017-11-07 10:32:19',0),(19530,'前台','武汉','8001-12000',183,'2017-11-07 10:32:19',2),(19531,'前台','武汉','12000-16000',140,'2017-11-07 10:32:19',3),(19532,'前台','武汉','28001-32000',21,'2017-11-07 10:32:19',7),(19533,'前台','武汉','16000-20000',35,'2017-11-07 10:32:19',4),(19534,'前台','武汉','36001-40000',2,'2017-11-07 10:32:19',9),(19535,'工程师','武汉','4001-8000',14927,'2017-11-07 10:32:20',1),(19536,'工程师','武汉','12000-16000',3711,'2017-11-07 10:32:20',3),(19537,'工程师','武汉','0-4000',4532,'2017-11-07 10:32:20',0),(19538,'工程师','武汉','20001-24000',287,'2017-11-07 10:32:20',5),(19539,'工程师','武汉','8001-12000',6318,'2017-11-07 10:32:20',2),(19540,'工程师','武汉','16000-20000',932,'2017-11-07 10:32:20',4),(19541,'ceo','深圳','0-4000',27,'2017-11-07 10:32:20',0),(19542,'工程师','武汉','24001-28000',274,'2017-11-07 10:32:20',6),(19543,'ceo','深圳','8001-12000',221,'2017-11-07 10:32:20',2),(19544,'ceo','深圳','12000-16000',187,'2017-11-07 10:32:20',3),(19545,'工程师','武汉','28001-32000',265,'2017-11-07 10:32:20',7),(19546,'ceo','深圳','28001-32000',171,'2017-11-07 10:32:20',7),(19547,'ceo','深圳','16000-20000',93,'2017-11-07 10:32:20',4),(19548,'前台','武汉','32001-36000',2,'2017-11-07 10:32:20',8),(19549,'ceo','深圳','4001-8000',255,'2017-11-07 10:32:20',1),(19550,'ceo','深圳','20001-24000',87,'2017-11-07 10:32:20',5),(19551,'工程师','武汉','36001-40000',71,'2017-11-07 10:32:20',9),(19552,'学徒','武汉','4001-8000',1200,'2017-11-07 10:32:20',1),(19553,'ceo','深圳','32001-36000',101,'2017-11-07 10:32:20',8),(19554,'学徒','武汉','16000-20000',8,'2017-11-07 10:32:20',4),(19555,'工程师','武汉','32001-36000',84,'2017-11-07 10:32:21',8),(19556,'学徒','武汉','20001-24000',2,'2017-11-07 10:32:21',5),(19557,'学徒','武汉','12000-16000',265,'2017-11-07 10:32:21',3),(19558,'学徒','武汉','8001-12000',640,'2017-11-07 10:32:21',2),(19559,'学徒','武汉','24001-28000',2,'2017-11-07 10:32:21',6),(19560,'ceo','深圳','36001-40000',105,'2017-11-07 10:32:21',9),(19561,'学徒','武汉','28001-32000',3,'2017-11-07 10:32:21',7),(19562,'学徒','武汉','32001-36000',1,'2017-11-07 10:32:21',8),(19563,'学徒','武汉','36001-40000',1,'2017-11-07 10:32:21',9),(19564,'ceo','深圳','24001-28000',98,'2017-11-07 10:32:21',6),(19565,'学徒','武汉','0-4000',657,'2017-11-07 10:32:21',0),(19566,'总监','武汉','8001-12000',5784,'2017-11-07 10:32:21',2),(19567,'总监','武汉','16000-20000',1162,'2017-11-07 10:32:21',4),(19568,'总监','武汉','20001-24000',488,'2017-11-07 10:32:21',5),(19569,'总监','武汉','12000-16000',3427,'2017-11-07 10:32:21',3),(19570,'总监','武汉','24001-28000',498,'2017-11-07 10:32:21',6),(19571,'总监','武汉','0-4000',1766,'2017-11-07 10:32:21',0),(19572,'总监','武汉','4001-8000',8469,'2017-11-07 10:32:22',1),(19573,'总监','武汉','28001-32000',563,'2017-11-07 10:32:22',7),(19574,'总监','武汉','32001-36000',191,'2017-11-07 10:32:22',8),(19575,'总监','武汉','36001-40000',191,'2017-11-07 10:32:22',9),(19576,'厨师','武汉','4001-8000',433,'2017-11-07 10:32:22',1),(19577,'厨师','武汉','0-4000',188,'2017-11-07 10:32:22',0),(19578,'厨师','武汉','12000-16000',747,'2017-11-07 10:32:22',3),(19579,'厨师','武汉','16000-20000',32,'2017-11-07 10:32:22',4),(19580,'厨师','武汉','8001-12000',1392,'2017-11-07 10:32:22',2),(19581,'厨师','武汉','28001-32000',11,'2017-11-07 10:32:22',7),(19582,'厨师','武汉','36001-40000',3,'2017-11-07 10:32:22',9),(19583,'厨师','武汉','24001-28000',9,'2017-11-07 10:32:22',6),(19584,'厨师','武汉','32001-36000',6,'2017-11-07 10:32:22',8),(19585,'厨师','武汉','20001-24000',6,'2017-11-07 10:32:23',5),(19586,'人事','武汉','0-4000',4252,'2017-11-07 10:32:23',0),(19587,'人事','武汉','16000-20000',198,'2017-11-07 10:32:23',4),(19588,'人事','武汉','12000-16000',875,'2017-11-07 10:32:23',3),(19589,'人事','武汉','20001-24000',62,'2017-11-07 10:32:23',5),(19590,'人事','武汉','24001-28000',63,'2017-11-07 10:32:23',6),(19591,'人事','武汉','4001-8000',7578,'2017-11-07 10:32:23',1),(19592,'人事','武汉','32001-36000',30,'2017-11-07 10:32:23',8),(19593,'人事','武汉','8001-12000',2074,'2017-11-07 10:32:23',2),(19594,'sem','武汉','0-4000',195,'2017-11-07 10:32:23',0),(19595,'人事','武汉','28001-32000',84,'2017-11-07 10:32:23',7),(19596,'sem','武汉','12000-16000',31,'2017-11-07 10:32:23',3),(19597,'sem','武汉','8001-12000',89,'2017-11-07 10:32:23',2),(19598,'sem','武汉','20001-24000',0,'2017-11-07 10:32:23',5),(19599,'sem','武汉','16000-20000',3,'2017-11-07 10:32:23',4),(19600,'人事','武汉','36001-40000',30,'2017-11-07 10:32:23',9),(19601,'sem','武汉','4001-8000',545,'2017-11-07 10:32:23',1),(19602,'sem','武汉','28001-32000',0,'2017-11-07 10:32:24',7),(19603,'sem','武汉','36001-40000',0,'2017-11-07 10:32:24',9),(19604,'sem','武汉','32001-36000',0,'2017-11-07 10:32:24',8),(19605,'电话销售','武汉','0-4000',1155,'2017-11-07 10:32:24',0),(19606,'电话销售','武汉','16000-20000',133,'2017-11-07 10:32:24',4),(19607,'sem','武汉','24001-28000',0,'2017-11-07 10:32:24',6),(19608,'电话销售','武汉','24001-28000',14,'2017-11-07 10:32:24',6),(19609,'电话销售','武汉','12000-16000',966,'2017-11-07 10:32:24',3),(19610,'电话销售','武汉','8001-12000',3064,'2017-11-07 10:32:24',2),(19611,'电话销售','武汉','4001-8000',5070,'2017-11-07 10:32:24',1),(19612,'电话销售','武汉','32001-36000',6,'2017-11-07 10:32:25',8),(19613,'电话销售3','武汉','16000-20000',7,'2017-11-07 10:32:25',4),(19614,'电话销售3','武汉','12000-16000',46,'2017-11-07 10:32:25',3),(19615,'电话销售3','武汉','4001-8000',303,'2017-11-07 10:32:26',1),(19616,'电话销售3','武汉','8001-12000',152,'2017-11-07 10:32:26',2),(19617,'电话销售','武汉','20001-24000',15,'2017-11-07 10:32:26',5),(19618,'电话销售3','武汉','0-4000',47,'2017-11-07 10:32:26',0),(19619,'电话销售','武汉','28001-32000',18,'2017-11-07 10:32:26',7),(19620,'电话销售','武汉','36001-40000',9,'2017-11-07 10:32:26',9),(19621,'电话销售3','武汉','20001-24000',0,'2017-11-07 10:32:26',5),(19622,'java3','武汉','0-4000',0,'2017-11-07 10:32:26',0),(19623,'java3','武汉','8001-12000',1,'2017-11-07 10:32:26',2),(19624,'java3','武汉','4001-8000',1,'2017-11-07 10:32:26',1),(19625,'电话销售3','武汉','36001-40000',1,'2017-11-07 10:32:27',9),(19626,'java3','武汉','12000-16000',0,'2017-11-07 10:32:27',3),(19627,'java3','武汉','24001-28000',0,'2017-11-07 10:32:27',6),(19628,'java3','武汉','20001-24000',0,'2017-11-07 10:32:27',5),(19629,'电话销售3','武汉','24001-28000',0,'2017-11-07 10:32:27',6),(19630,'电话销售3','武汉','32001-36000',1,'2017-11-07 10:32:27',8),(19631,'java3','武汉','16000-20000',0,'2017-11-07 10:32:27',4),(19632,'电话销售3','武汉','28001-32000',1,'2017-11-07 10:32:27',7),(19633,'java3','武汉','28001-32000',0,'2017-11-07 10:32:27',7),(19634,'java3','武汉','36001-40000',0,'2017-11-07 10:32:27',9),(19635,'销售3','武汉','12000-16000',3440,'2017-11-07 10:32:28',3),(19636,'销售3','武汉','16000-20000',713,'2017-11-07 10:32:28',4),(19637,'销售3','武汉','0-4000',4265,'2017-11-07 10:32:28',0),(19638,'销售3','武汉','8001-12000',8064,'2017-11-07 10:32:28',2),(19639,'销售3','武汉','4001-8000',15529,'2017-11-07 10:32:28',1),(19640,'销售3','武汉','20001-24000',203,'2017-11-07 10:32:28',5),(19641,'销售3','武汉','24001-28000',210,'2017-11-07 10:32:28',6),(19642,'销售3','武汉','28001-32000',240,'2017-11-07 10:32:28',7),(19643,'销售3','武汉','32001-36000',74,'2017-11-07 10:32:28',8),(19644,'司机3','武汉','0-4000',64,'2017-11-07 10:32:28',0),(19645,'销售3','武汉','36001-40000',71,'2017-11-07 10:32:28',9),(19646,'司机3','武汉','12000-16000',3,'2017-11-07 10:32:28',3),(19647,'司机3','武汉','4001-8000',80,'2017-11-07 10:32:29',1),(19648,'司机3','武汉','16000-20000',0,'2017-11-07 10:32:29',4),(19649,'司机3','武汉','24001-28000',0,'2017-11-07 10:32:29',6),(19650,'司机3','武汉','32001-36000',0,'2017-11-07 10:32:29',8),(19651,'司机3','武汉','36001-40000',0,'2017-11-07 10:32:29',9),(19652,'司机3','武汉','20001-24000',0,'2017-11-07 10:32:29',5),(19653,'财务发','武汉','8001-12000',0,'2017-11-07 10:32:29',2),(19654,'财务发','武汉','4001-8000',1,'2017-11-07 10:32:29',1),(19655,'财务发','武汉','12000-16000',0,'2017-11-07 10:32:29',3),(19656,'财务发','武汉','0-4000',0,'2017-11-07 10:32:29',0),(19657,'财务发','武汉','28001-32000',0,'2017-11-07 10:32:30',7),(19658,'财务发','武汉','32001-36000',0,'2017-11-07 10:32:30',8),(19659,'财务发','武汉','16000-20000',0,'2017-11-07 10:32:30',4),(19660,'财务发','武汉','20001-24000',0,'2017-11-07 10:32:30',5),(19661,'java放','武汉','8001-12000',0,'2017-11-07 10:32:30',2),(19662,'java放','武汉','0-4000',0,'2017-11-07 10:32:30',0),(19663,'java放','武汉','4001-8000',0,'2017-11-07 10:32:31',1),(19664,'司机3','武汉','28001-32000',0,'2017-11-07 10:32:31',7),(19665,'java3','武汉','32001-36000',0,'2017-11-07 10:32:31',8),(19666,'java放','武汉','12000-16000',0,'2017-11-07 10:32:31',3),(19667,'java放','武汉','16000-20000',0,'2017-11-07 10:32:31',4),(19668,'财务发','武汉','36001-40000',0,'2017-11-07 10:32:31',9),(19669,'java放','武汉','24001-28000',0,'2017-11-07 10:32:31',6),(19670,'java放','武汉','20001-24000',0,'2017-11-07 10:32:31',5),(19671,'java放','武汉','28001-32000',0,'2017-11-07 10:32:31',7),(19672,'java放','武汉','32001-36000',0,'2017-11-07 10:32:31',8),(19673,'java放','武汉','36001-40000',0,'2017-11-07 10:32:31',9),(19674,'销售反对','武汉','12000-16000',0,'2017-11-07 10:32:31',3),(19675,'销售反对','武汉','16000-20000',0,'2017-11-07 10:32:31',4),(19676,'销售反对','武汉','0-4000',0,'2017-11-07 10:32:31',0),(19677,'销售反对','武汉','24001-28000',0,'2017-11-07 10:32:31',6),(19678,'销售反对','武汉','20001-24000',0,'2017-11-07 10:32:32',5),(19679,'销售反对','武汉','8001-12000',0,'2017-11-07 10:32:32',2),(19680,'销售反对','武汉','32001-36000',0,'2017-11-07 10:32:32',8),(19681,'销售反对','武汉','36001-40000',0,'2017-11-07 10:32:32',9),(19682,'司机3','武汉','8001-12000',17,'2017-11-07 10:32:32',2),(19683,'销售反对','武汉','28001-32000',0,'2017-11-07 10:32:32',7),(19684,'司机党','武汉','0-4000',0,'2017-11-07 10:32:32',0),(19685,'司机党','武汉','4001-8000',0,'2017-11-07 10:32:32',1),(19686,'司机党','武汉','8001-12000',0,'2017-11-07 10:32:32',2),(19687,'司机党','武汉','16000-20000',0,'2017-11-07 10:32:32',4),(19688,'财务发','武汉','24001-28000',0,'2017-11-07 10:32:32',6),(19689,'司机党','武汉','12000-16000',0,'2017-11-07 10:32:32',3),(19690,'司机党','武汉','20001-24000',0,'2017-11-07 10:32:32',5),(19691,'司机党','武汉','24001-28000',0,'2017-11-07 10:32:32',6),(19692,'司机党','武汉','36001-40000',0,'2017-11-07 10:32:32',9),(19693,'司机党','武汉','32001-36000',0,'2017-11-07 10:32:32',8),(19694,'司机党','武汉','28001-32000',0,'2017-11-07 10:32:33',7),(19695,'财务3','武汉','0-4000',1338,'2017-11-07 10:32:33',0),(19696,'销售反对','武汉','4001-8000',0,'2017-11-07 10:32:33',1),(19697,'财务3','武汉','8001-12000',274,'2017-11-07 10:32:33',2),(19698,'财务3','武汉','4001-8000',1854,'2017-11-07 10:32:33',1),(19699,'财务3','武汉','12000-16000',164,'2017-11-07 10:32:33',3),(19700,'财务3','武汉','16000-20000',49,'2017-11-07 10:32:33',4),(19701,'财务3','武汉','20001-24000',21,'2017-11-07 10:32:33',5),(19702,'财务3','武汉','24001-28000',19,'2017-11-07 10:32:33',6),(19703,'财务3','武汉','28001-32000',27,'2017-11-07 10:32:33',7),(19704,'财务3','武汉','32001-36000',11,'2017-11-07 10:32:33',8),(19705,'财务55','武汉','0-4000',0,'2017-11-07 10:32:33',0),(19706,'财务55','武汉','12000-16000',3,'2017-11-07 10:32:34',3),(19707,'财务55','武汉','20001-24000',0,'2017-11-07 10:32:34',5),(19708,'财务3','武汉','36001-40000',11,'2017-11-07 10:32:34',9),(19709,'财务55','武汉','32001-36000',0,'2017-11-07 10:32:34',8),(19710,'财务55','武汉','28001-32000',0,'2017-11-07 10:32:34',7),(19711,'财务55','武汉','4001-8000',0,'2017-11-07 10:32:34',1),(19712,'财务55','武汉','8001-12000',5,'2017-11-07 10:32:34',2),(19713,'财务55','武汉','36001-40000',0,'2017-11-07 10:32:34',9),(19714,'财务55','武汉','16000-20000',0,'2017-11-07 10:32:34',4),(19715,'财务55','武汉','24001-28000',0,'2017-11-07 10:32:34',6),(19716,'java55','武汉','8001-12000',0,'2017-11-07 10:32:34',2),(19717,'java55','武汉','4001-8000',0,'2017-11-07 10:32:34',1),(19718,'java55','武汉','12000-16000',0,'2017-11-07 10:32:34',3),(19719,'java55','武汉','20001-24000',0,'2017-11-07 10:32:34',5),(19720,'java55','武汉','0-4000',0,'2017-11-07 10:32:34',0),(19721,'java55','武汉','24001-28000',0,'2017-11-07 10:32:34',6),(19722,'java55','武汉','32001-36000',0,'2017-11-07 10:32:34',8),(19723,'java55','武汉','36001-40000',0,'2017-11-07 10:32:34',9),(19724,'java55','武汉','16000-20000',0,'2017-11-07 10:32:35',4),(19725,'java55','武汉','28001-32000',0,'2017-11-07 10:32:35',7),(19726,'销售55','武汉','0-4000',1,'2017-11-07 10:32:35',0),(19727,'销售55','武汉','16000-20000',0,'2017-11-07 10:32:35',4),(19728,'销售55','武汉','12000-16000',0,'2017-11-07 10:32:35',3),(19729,'销售55','武汉','20001-24000',0,'2017-11-07 10:32:35',5),(19730,'销售55','武汉','24001-28000',0,'2017-11-07 10:32:35',6),(19731,'销售55','武汉','4001-8000',3,'2017-11-07 10:32:35',1),(19732,'销售55','武汉','28001-32000',0,'2017-11-07 10:32:35',7),(19733,'销售55','武汉','32001-36000',0,'2017-11-07 10:32:35',8),(19734,'销售55','武汉','36001-40000',0,'2017-11-07 10:32:35',9),(19735,'销售55','武汉','8001-12000',0,'2017-11-07 10:32:35',2),(19736,'司机55','武汉','8001-12000',0,'2017-11-07 10:32:35',2),(19737,'司机55','武汉','4001-8000',0,'2017-11-07 10:32:35',1),(19738,'司机55','武汉','12000-16000',0,'2017-11-07 10:32:35',3),(19739,'司机55','武汉','0-4000',0,'2017-11-07 10:32:35',0),(19740,'司机55','武汉','28001-32000',0,'2017-11-07 10:32:36',7),(19741,'司机55','武汉','24001-28000',0,'2017-11-07 10:32:36',6),(19742,'司机55','武汉','20001-24000',0,'2017-11-07 10:32:36',5),(19743,'财务5','武汉','0-4000',795,'2017-11-07 10:32:36',0),(19744,'司机55','武汉','32001-36000',0,'2017-11-07 10:32:36',8),(19745,'司机55','武汉','16000-20000',0,'2017-11-07 10:32:36',4),(19746,'财务5','武汉','4001-8000',1079,'2017-11-07 10:32:36',1),(19747,'财务5','武汉','12000-16000',111,'2017-11-07 10:32:36',3),(19748,'财务5','武汉','8001-12000',206,'2017-11-07 10:32:36',2),(19749,'财务5','武汉','24001-28000',22,'2017-11-07 10:32:37',6),(19750,'财务5','武汉','16000-20000',42,'2017-11-07 10:32:37',4),(19751,'财务5','武汉','20001-24000',23,'2017-11-07 10:32:37',5),(19752,'财务5','武汉','28001-32000',18,'2017-11-07 10:32:37',7),(19753,'财务5','武汉','36001-40000',4,'2017-11-07 10:32:37',9),(19754,'java5','武汉','0-4000',0,'2017-11-07 10:32:37',0),(19755,'java5','武汉','12000-16000',0,'2017-11-07 10:32:37',3),(19756,'财务5','武汉','32001-36000',4,'2017-11-07 10:32:37',8),(19757,'java5','武汉','20001-24000',0,'2017-11-07 10:32:37',5),(19758,'java5','武汉','8001-12000',0,'2017-11-07 10:32:37',2),(19759,'java5','武汉','4001-8000',0,'2017-11-07 10:32:37',1),(19760,'java5','武汉','16000-20000',0,'2017-11-07 10:32:37',4),(19761,'java5','武汉','28001-32000',0,'2017-11-07 10:32:37',7),(19762,'java5','武汉','24001-28000',0,'2017-11-07 10:32:37',6),(19763,'java5','武汉','36001-40000',0,'2017-11-07 10:32:37',9),(19764,'java5','武汉','32001-36000',0,'2017-11-07 10:32:37',8),(19765,'销售5','武汉','12000-16000',1923,'2017-11-07 10:32:38',3),(19766,'销售5','武汉','0-4000',1775,'2017-11-07 10:32:38',0),(19767,'销售5','武汉','16000-20000',462,'2017-11-07 10:32:38',4),(19768,'销售5','武汉','20001-24000',161,'2017-11-07 10:32:38',5),(19769,'销售5','武汉','24001-28000',167,'2017-11-07 10:32:38',6),(19770,'销售5','武汉','8001-12000',3930,'2017-11-07 10:32:38',2),(19771,'司机55','武汉','36001-40000',0,'2017-11-07 10:32:38',9),(19772,'销售5','武汉','28001-32000',186,'2017-11-07 10:32:39',7),(19773,'司机5','武汉','0-4000',16,'2017-11-07 10:32:39',0),(19774,'销售5','武汉','32001-36000',47,'2017-11-07 10:32:39',8),(19775,'司机5','武汉','8001-12000',100,'2017-11-07 10:32:39',2),(19776,'司机5','武汉','20001-24000',0,'2017-11-07 10:32:39',5),(19777,'司机5','武汉','4001-8000',71,'2017-11-07 10:32:39',1),(19778,'司机5','武汉','16000-20000',1,'2017-11-07 10:32:39',4),(19779,'司机5','武汉','24001-28000',0,'2017-11-07 10:32:39',6),(19780,'司机5','武汉','12000-16000',51,'2017-11-07 10:32:39',3),(19781,'司机5','武汉','28001-32000',0,'2017-11-07 10:32:39',7),(19782,'司机5','武汉','32001-36000',0,'2017-11-07 10:32:39',8),(19783,'财务33','武汉','0-4000',0,'2017-11-07 10:32:39',0),(19784,'司机5','武汉','36001-40000',0,'2017-11-07 10:32:39',9),(19785,'财务33','武汉','8001-12000',0,'2017-11-07 10:32:40',2),(19786,'财务33','武汉','24001-28000',0,'2017-11-07 10:32:40',6),(19787,'财务33','武汉','4001-8000',2,'2017-11-07 10:32:40',1),(19788,'财务33','武汉','12000-16000',0,'2017-11-07 10:32:40',3),(19789,'财务33','武汉','16000-20000',0,'2017-11-07 10:32:40',4),(19790,'财务33','武汉','20001-24000',0,'2017-11-07 10:32:40',5),(19791,'财务33','武汉','32001-36000',0,'2017-11-07 10:32:40',8),(19792,'财务33','武汉','28001-32000',0,'2017-11-07 10:32:40',7),(19793,'财务33','武汉','36001-40000',0,'2017-11-07 10:32:40',9),(19794,'销售5','武汉','4001-8000',6678,'2017-11-07 10:32:40',1),(19795,'java33','武汉','0-4000',0,'2017-11-07 10:32:40',0),(19796,'java33','武汉','12000-16000',0,'2017-11-07 10:32:40',3),(19797,'java33','武汉','16000-20000',0,'2017-11-07 10:32:40',4),(19798,'java33','武汉','8001-12000',0,'2017-11-07 10:32:40',2),(19799,'java33','武汉','20001-24000',0,'2017-11-07 10:32:40',5),(19800,'java33','武汉','4001-8000',0,'2017-11-07 10:32:40',1),(19801,'java33','武汉','24001-28000',0,'2017-11-07 10:32:40',6),(19802,'java33','武汉','36001-40000',0,'2017-11-07 10:32:40',9),(19803,'java33','武汉','28001-32000',0,'2017-11-07 10:32:40',7),(19804,'销售33','武汉','0-4000',0,'2017-11-07 10:32:41',0),(19805,'java33','武汉','32001-36000',0,'2017-11-07 10:32:41',8),(19806,'销售33','武汉','12000-16000',0,'2017-11-07 10:32:41',3),(19807,'销售33','武汉','8001-12000',1,'2017-11-07 10:32:41',2),(19808,'销售33','武汉','20001-24000',0,'2017-11-07 10:32:41',5),(19809,'销售33','武汉','16000-20000',0,'2017-11-07 10:32:41',4),(19810,'销售33','武汉','4001-8000',4,'2017-11-07 10:32:41',1),(19811,'销售33','武汉','24001-28000',0,'2017-11-07 10:32:41',6),(19812,'销售33','武汉','32001-36000',0,'2017-11-07 10:32:41',8),(19813,'销售33','武汉','28001-32000',0,'2017-11-07 10:32:41',7),(19814,'销售33','武汉','36001-40000',0,'2017-11-07 10:32:41',9),(19815,'司机33','武汉','8001-12000',0,'2017-11-07 10:32:41',2),(19816,'司机33','武汉','4001-8000',0,'2017-11-07 10:32:41',1),(19817,'司机33','武汉','16000-20000',0,'2017-11-07 10:32:41',4),(19818,'司机33','武汉','0-4000',0,'2017-11-07 10:32:41',0),(19819,'司机33','武汉','24001-28000',0,'2017-11-07 10:32:41',6),(19820,'司机33','武汉','12000-16000',0,'2017-11-07 10:32:41',3),(19821,'司机33','武汉','20001-24000',0,'2017-11-07 10:32:41',5),(19822,'司机33','武汉','28001-32000',0,'2017-11-07 10:32:41',7),(19823,'司机33','武汉','32001-36000',0,'2017-11-07 10:32:41',8),(19824,'司机33','武汉','36001-40000',0,'2017-11-07 10:32:42',9),(19825,'销售5','武汉','36001-40000',42,'2017-11-07 10:32:44',9),(19826,'c','深圳','24001-28000',1060,'2017-11-07 10:33:29',6),(19827,'c','深圳','0-4000',2742,'2017-11-07 10:33:29',0),(19828,'c','深圳','20001-24000',1096,'2017-11-07 10:33:29',5),(19829,'c','深圳','12000-16000',6593,'2017-11-07 10:33:29',3),(19830,'c','深圳','16000-20000',2907,'2017-11-07 10:33:30',4),(19831,'c','深圳','28001-32000',881,'2017-11-07 10:33:30',7),(19832,'c','深圳','4001-8000',12478,'2017-11-07 10:33:30',1),(19833,'c','深圳','8001-12000',9173,'2017-11-07 10:33:30',2),(19834,'c','深圳','32001-36000',280,'2017-11-07 10:33:30',8),(19835,'c','深圳','36001-40000',246,'2017-11-07 10:33:30',9),(19836,'ui设计师','深圳','28001-32000',12,'2017-11-07 10:33:58',7),(19837,'ui设计师','深圳','24001-28000',22,'2017-11-07 10:33:58',6),(19838,'ui设计师','深圳','8001-12000',297,'2017-11-07 10:33:58',2),(19839,'ui设计师','深圳','16000-20000',85,'2017-11-07 10:33:58',4),(19840,'ui设计师','深圳','12000-16000',238,'2017-11-07 10:33:58',3),(19841,'ui设计师','深圳','36001-40000',2,'2017-11-07 10:33:59',9),(19842,'ui设计师','深圳','32001-36000',3,'2017-11-07 10:33:59',8),(19843,'ui设计师','深圳','20001-24000',22,'2017-11-07 10:33:59',5),(19844,'ui设计师','深圳','4001-8000',627,'2017-11-07 10:33:59',1),(19845,'ui设计师','深圳','0-4000',133,'2017-11-07 10:33:59',0),(19846,'seo','深圳','28001-32000',42,'2017-11-07 10:34:10',7),(19847,'seo','深圳','12000-16000',485,'2017-11-07 10:34:10',3),(19848,'seo','深圳','0-4000',352,'2017-11-07 10:34:10',0),(19849,'seo','深圳','24001-28000',46,'2017-11-07 10:34:10',6),(19850,'seo','深圳','8001-12000',881,'2017-11-07 10:34:10',2),(19851,'seo','深圳','16000-20000',139,'2017-11-07 10:34:10',4),(19852,'seo','深圳','32001-36000',12,'2017-11-07 10:34:10',8),(19853,'seo','深圳','20001-24000',49,'2017-11-07 10:34:10',5),(19854,'seo','深圳','4001-8000',2128,'2017-11-07 10:34:10',1),(19855,'seo','深圳','36001-40000',12,'2017-11-07 10:34:11',9),(19856,'电气工程师','深圳','28001-32000',24,'2017-11-07 10:34:32',7),(19857,'电气工程师','深圳','4001-8000',976,'2017-11-07 10:34:32',1),(19858,'电气工程师','深圳','24001-28000',27,'2017-11-07 10:34:32',6),(19859,'电气工程师','深圳','12000-16000',375,'2017-11-07 10:34:32',3),(19860,'电气工程师','深圳','0-4000',153,'2017-11-07 10:34:32',0),(19861,'电气工程师','深圳','16000-20000',79,'2017-11-07 10:34:32',4),(19862,'电气工程师','深圳','20001-24000',30,'2017-11-07 10:34:32',5),(19863,'电气工程师','深圳','8001-12000',638,'2017-11-07 10:34:32',2),(19864,'电气工程师','深圳','32001-36000',11,'2017-11-07 10:34:33',8),(19865,'电气工程师','深圳','36001-40000',11,'2017-11-07 10:34:33',9),(19866,'软件开发','深圳','0-4000',699,'2017-11-07 10:34:46',0),(19867,'软件开发','深圳','4001-8000',6305,'2017-11-07 10:34:46',1),(19868,'软件开发','深圳','16000-20000',1373,'2017-11-07 10:34:47',4),(19869,'软件开发','深圳','8001-12000',2815,'2017-11-07 10:34:47',2),(19870,'软件开发','深圳','20001-24000',534,'2017-11-07 10:34:47',5),(19871,'软件开发','深圳','12000-16000',2728,'2017-11-07 10:34:47',3),(19872,'软件开发','深圳','32001-36000',102,'2017-11-07 10:34:47',8),(19873,'软件开发','深圳','36001-40000',88,'2017-11-07 10:34:47',9),(19874,'软件开发','深圳','24001-28000',495,'2017-11-07 10:34:50',6),(19875,'软件开发','深圳','28001-32000',373,'2017-11-07 10:34:50',7),(19876,'python','深圳','8001-12000',961,'2017-11-07 10:35:14',2),(19877,'python','深圳','4001-8000',452,'2017-11-07 10:35:14',1),(19878,'python','深圳','28001-32000',359,'2017-11-07 10:35:14',7),(19879,'python','深圳','12000-16000',1165,'2017-11-07 10:35:14',3),(19880,'python','深圳','16000-20000',777,'2017-11-07 10:35:14',4),(19881,'python','深圳','32001-36000',145,'2017-11-07 10:35:14',8),(19882,'python','深圳','0-4000',217,'2017-11-07 10:35:14',0),(19883,'python','深圳','24001-28000',400,'2017-11-07 10:35:14',6),(19884,'python','深圳','20001-24000',413,'2017-11-07 10:35:14',5),(19885,'python','深圳','36001-40000',131,'2017-11-07 10:35:15',9),(19886,'律师','深圳','0-4000',337,'2017-11-07 10:36:30',0),(19887,'律师','深圳','20001-24000',180,'2017-11-07 10:36:31',5),(19888,'律师','深圳','28001-32000',202,'2017-11-07 10:36:31',7),(19889,'律师','深圳','12000-16000',950,'2017-11-07 10:36:31',3),(19890,'律师','深圳','16000-20000',453,'2017-11-07 10:36:31',4),(19891,'律师','深圳','8001-12000',1118,'2017-11-07 10:36:31',2),(19892,'律师','深圳','24001-28000',186,'2017-11-07 10:36:31',6),(19893,'律师','深圳','4001-8000',1346,'2017-11-07 10:36:31',1),(19894,'律师','深圳','36001-40000',89,'2017-11-07 10:36:31',9),(19895,'律师','深圳','32001-36000',98,'2017-11-07 10:36:31',8),(19896,'php','深圳','16000-20000',460,'2017-11-07 10:36:59',4),(19897,'php','深圳','0-4000',199,'2017-11-07 10:36:59',0),(19898,'php','深圳','12000-16000',883,'2017-11-07 10:36:59',3),(19899,'php','深圳','4001-8000',934,'2017-11-07 10:36:59',1),(19900,'php','深圳','28001-32000',145,'2017-11-07 10:36:59',7),(19901,'php','深圳','24001-28000',203,'2017-11-07 10:37:00',6),(19902,'php','深圳','20001-24000',215,'2017-11-07 10:37:00',5),(19903,'php','深圳','8001-12000',855,'2017-11-07 10:37:00',2),(19904,'php','深圳','32001-36000',48,'2017-11-07 10:37:00',8),(19905,'php','深圳','36001-40000',39,'2017-11-07 10:37:00',9);
/*!40000 ALTER TABLE `job` ENABLE KEYS */;
UNLOCK TABLES;

--
-- Table structure for table `jobname`
--

DROP TABLE IF EXISTS `jobname`;
/*!40101 SET @saved_cs_client     = @@character_set_client */;
/*!40101 SET character_set_client = utf8 */;
CREATE TABLE `jobname` (
  `jobname` varchar(100) NOT NULL
) ENGINE=InnoDB DEFAULT CHARSET=utf8;
/*!40101 SET character_set_client = @saved_cs_client */;

--
-- Dumping data for table `jobname`
--

LOCK TABLES `jobname` WRITE;
/*!40000 ALTER TABLE `jobname` DISABLE KEYS */;
INSERT INTO `jobname` VALUES ('财务'),('Java'),('销售'),('司机'),('采购'),('前台'),('工程师'),('学徒'),('总监'),('厨师'),('人事'),('SEM'),('电话销售'),('电话销售3'),('Java3'),('销售3'),('司机3'),('财务发'),('Java放'),('销售反对'),('司机党'),('财务3'),('财务55'),('Java55'),('销售55'),('司机55'),('财务5'),('Java5'),('销售5'),('司机5'),('财务33'),('Java33'),('销售33'),('司机33'),('UI'),('CEO'),('C  '),('UI设计师'),('SEO'),('电气工程师'),('软件开发'),('python'),('律师'),('PHP');
/*!40000 ALTER TABLE `jobname` ENABLE KEYS */;
UNLOCK TABLES;
/*!40103 SET TIME_ZONE=@OLD_TIME_ZONE */;

/*!40101 SET SQL_MODE=@OLD_SQL_MODE */;
/*!40014 SET FOREIGN_KEY_CHECKS=@OLD_FOREIGN_KEY_CHECKS */;
/*!40014 SET UNIQUE_CHECKS=@OLD_UNIQUE_CHECKS */;
/*!40101 SET CHARACTER_SET_CLIENT=@OLD_CHARACTER_SET_CLIENT */;
/*!40101 SET CHARACTER_SET_RESULTS=@OLD_CHARACTER_SET_RESULTS */;
/*!40101 SET COLLATION_CONNECTION=@OLD_COLLATION_CONNECTION */;
/*!40111 SET SQL_NOTES=@OLD_SQL_NOTES */;

-- Dump completed on 2017-11-07 10:44:37
